Rank,Adjective
1,good
2,new
3,first
4,last
5,long
6,great
7,little
8,own
9,other
10,old
11,right
12,big
13,high
14,different
15,small
16,large
17,next
18,early
19,young
20,important
21,few
22,public
23,bad
24,same
25,able
26,late
27,hard
28,real
29,sure
30,social
31,best
32,strong
33,happy
34,difficult
35,white
36,true
37,free
38,full
39,special
40,certain
41,particular
42,clear
43,local
44,single
45,personal
46,political
47,wrong
48,short
49,low
50,black
51,national
52,major
53,likely
54,financial
55,main
56,international
57,natural
58,physical
59,legal
60,serious
61,recent
62,open
63,possible
64,close
65,common
66,human
67,general
68,fine
69,red
70,foreign
71,ready
72,simple
73,past
74,modern
75,dead
76,similar
77,hot
78,cold
79,economic
80,medical
81,military
82,necessary
83,whole
84,dark
85,deep
86,easy
87,poor
88,safe
89,total
90,half
91,heavy
92,light
93,final
94,blue
95,green
96,various
97,several
98,western
99,central
100,commercial
