Rank,Verb
1,be
2,have
3,do
4,say
5,get
6,make
7,go
8,know
9,take
10,see
11,come
12,think
13,look
14,want
15,give
16,use
17,find
18,tell
19,ask
20,work
21,seem
22,feel
23,try
24,leave
25,call
26,keep
27,provide
28,hold
29,turn
30,follow
31,begin
32,bring
33,like
34,help
35,start
36,run
37,write
38,set
39,move
40,play
41,pay
42,hear
43,include
44,believe
45,allow
46,meet
47,lead
48,live
49,stand
50,happen
51,carry
52,talk
53,appear
54,produce
55,sit
56,offer
57,consider
58,expect
59,suggest
60,let
61,read
62,require
63,continue
64,lose
65,add
66,change
67,fall
68,remain
69,remember
70,buy
71,speak
72,stop
73,send
74,receive
75,decide
76,win
77,understand
78,describe
79,develop
80,agree
81,open
82,reach
83,build
84,involve
85,spend
86,return
87,draw
88,die
89,hope
90,create
91,walk
92,sell
93,wait
94,cause
95,pass
96,lie
97,accept
98,watch
99,raise
100,base
