Rank,Noun
1,time
2,year
3,people
4,way
5,day
6,man
7,thing
8,woman
9,life
10,child
11,world
12,school
13,state
14,family
15,student
16,group
17,country
18,problem
19,hand
20,part
21,place
22,case
23,week
24,company
25,system
26,program
27,question
28,work
29,government
30,number
31,night
32,point
33,home
34,water
35,room
36,mother
37,area
38,money
39,story
40,fact
41,month
42,lot
43,right
44,study
45,book
46,eye
47,job
48,word
49,business
50,issue
51,side
52,kind
53,head
54,house
55,service
56,friend
57,father
58,power
59,hour
60,game
61,line
62,end
63,member
64,law
65,car
66,city
67,community
68,name
69,president
70,team
71,minute
72,idea
73,body
74,information
75,back
76,parent
77,face
78,others
79,level
80,office
81,door
82,health
83,person
84,art
85,war
86,history
87,party
88,result
89,change
90,morning
91,reason
92,research
93,girl
94,guy
95,moment
96,air
97,teacher
98,force
99,education
100,foot
