english,conlang,ipa,concept_id,is_function,retired,added_in
a,ja,/dʒa/,a,True,False,1.0
abbey,u,/u/,abbey,False,False,1.0
able,mum,/mum/,able,False,False,1.0
about,no,/no/,about,True,False,1.0
above,ve,/ve/,above,True,False,1.0
abyss,ni,/ni/,abyss,False,False,1.0
accept,ma,/ma/,accept,False,False,1.0
accident,mia,/ˈmi.a/,accident,False,False,1.0
accuse,ru,/ru/,accuse,False,False,1.0
acid,movnimmu,/mov.ˈnim.mu/,acid,False,False,1.0
across,va,/va/,across,True,False,1.0
act,märu,/ˈmæ.ru/,act,False,False,1.0
active,mavchan,/ˈmav.tʃan/,active,False,False,1.0
activist,rettutu,/ret.ˈtu.tu/,activist,False,False,1.0
activity,monëte,/mo.ˈnə.te/,activity,False,False,1.0
actor,channumewana,/tʃan.nu.me.ˈwa.na/,actor,False,False,1.0
actually,ama,/ˈa.ma/,actually,False,False,1.0
add,numu,/ˈnu.mu/,add,False,False,1.0
administration,chima,/ˈtʃi.ma/,administration,False,False,1.0
admit,'amchitar,/ʔam.ˈtʃi.tar/,admit,False,False,1.0
adult,nitajom,/ni.ˈta.dʒom/,adult,False,False,1.0
advise,rechä,/ˈre.tʃæ/,advise,False,False,1.0
affect,uchä,/ˈu.tʃæ/,affect,False,False,1.0
afraid,ru'ä,/ˈru.ʔæ/,afraid,False,False,1.0
after,na,/na/,after,True,False,1.0
afternoon,näri,/ˈnæ.ri/,afternoon,False,False,1.0
again,nar,/nar/,again,True,False,1.0
against,mi,/mi/,against,True,False,1.0
age,choro,/ˈtʃo.ro/,age,False,False,1.0
agency,ra'e,/ˈra.ʔe/,agency,False,False,1.0
aggression,wiwai,/wi.ˈwa.i/,aggression,False,False,1.0
ago,jämati,/dʒæ.ˈma.ti/,ago,False,False,1.0
agree,ravou,/ra.ˈvo.u/,agree,False,False,1.0
agriculture,wunä,/ˈwu.næ/,agriculture,False,False,1.0
ahead,'itum,/ˈʔi.tum/,ahead,False,False,1.0
aid,jë,/dʒə/,aid,False,False,1.0
aim,'ämrëmë,/ʔæm.ˈrə.mə/,aim,False,False,1.0
air,chenmurja,/tʃen.ˈmur.dʒa/,air,False,False,1.0
alarm,itë,/ˈi.tə/,alarm,False,False,1.0
alchemy,ranut,/ˈra.nut/,alchemy,False,False,1.0
alcohol,owi,/ˈo.wi/,alcohol,False,False,1.0
alive,cha,/tʃa/,alive,False,False,1.0
all,'i,/ʔi/,all,True,False,1.0
alley,ë,/ə/,alley,False,False,1.0
alliance,tum,/tum/,alliance,False,False,1.0
allow,wëtjan,/ˈwət.dʒan/,allow,False,False,1.0
ally,wima,/ˈwi.ma/,ally,False,False,1.0
almost,chararrë,/tʃa.ˈrar.rə/,almost,False,False,1.0
alone,tanem,/ˈta.nem/,alone,False,False,1.0
along,toä,/ˈto.æ/,along,True,False,1.0
already,nujuv,/ˈnu.dʒuv/,already,True,False,1.0
also,në,/nə/,also,True,False,1.0
altar,rama,/ˈra.ma/,altar,False,False,1.0
although,vi,/vi/,although,True,False,1.0
always,ina,/ˈi.na/,always,True,False,1.0
am,'a,/ʔa/,am,True,False,1.0
ambassador,je,/dʒe/,ambassador,False,False,1.0
amend,jau,/ˈdʒa.u/,amend,False,False,1.0
ammunition,tao,/ˈta.o/,ammunition,False,False,1.0
among,wi,/wi/,among,True,False,1.0
amount,nänvi,/ˈnæn.vi/,amount,False,False,1.0
an,mo,/mo/,an,True,False,1.0
anarchy,chiminjeru,/tʃi.min.ˈdʒe.ru/,anarchy,False,False,1.0
ancestor,muri,/ˈmu.ri/,ancestor,False,False,1.0
ancient,rije,/ˈri.dʒe/,ancient,False,False,1.0
and,nät,/næt/,and,True,False,1.0
anger,jattuvva,/dʒat.ˈtuv.va/,anger,False,False,1.0
angry,tutmä,/ˈtut.mæ/,angry,False,False,1.0
animal,mariru,/ma.ˈri.ru/,animal,False,False,1.0
anniversary,nia,/ˈni.a/,anniversary,False,False,1.0
announce,näveri,/næ.ˈve.ri/,announce,False,False,1.0
another,nen,/nen/,another,True,False,1.0
answer,wure,/ˈwu.re/,answer,False,False,1.0
any,mirja,/ˈmir.dʒa/,any,True,False,1.0
anybody,wätuo,/wæ.ˈtu.o/,anybody,False,False,1.0
anymore,nerrura,/ner.ˈru.ra/,anymore,False,False,1.0
anyone,ta,/ta/,anyone,False,False,1.0
anything,te,/te/,anything,False,False,1.0
anytime,i,/i/,anytime,False,False,1.0
anyway,macho,/ˈma.tʃo/,anyway,False,False,1.0
anywhere,mä,/mæ/,anywhere,False,False,1.0
apartment,javo,/ˈdʒa.vo/,apartment,False,False,1.0
apologize,'ë,/ʔə/,apologize,False,False,1.0
appeal,nommumi,/nom.ˈmu.mi/,appeal,False,False,1.0
appear,chae,/ˈtʃa.e/,appear,False,False,1.0
apple,nanmanuma,/nan.ma.ˈnu.ma/,apple,False,False,1.0
appoint,vucho,/ˈvu.tʃo/,appoint,False,False,1.0
approach,nimu,/ˈni.mu/,approach,False,False,1.0
approve,chu,/tʃu/,approve,False,False,1.0
arch,wucharmavtu,/wu.tʃar.ˈmav.tu/,arch,False,False,1.0
archeology,'anmawëv,/ʔan.ˈma.wəv/,archeology,False,False,1.0
are,namëm,/ˈna.məm/,are,True,False,1.0
area,waminmon,/wa.ˈmin.mon/,area,False,False,1.0
argue,nëmnäwë,/nəm.ˈnæ.wə/,argue,False,False,1.0
arm,vav,/vav/,arm,False,False,1.0
armor,nit'i,/ˈnit.ʔi/,armor,False,False,1.0
arms,e,/e/,arms,False,False,1.0
army,teva,/ˈte.va/,army,False,False,1.0
around,owava,/o.ˈwa.va/,around,True,False,1.0
arrest,omuwëtni,/o.mu.ˈwət.ni/,arrest,False,False,1.0
arrive,täwiva,/tæ.ˈwi.va/,arrive,False,False,1.0
arrow,rowuna,/ro.ˈwu.na/,arrow,False,False,1.0
art,ri,/ri/,art,False,False,1.0
artillery,chatjacha,/tʃat.ˈdʒa.tʃa/,artillery,False,False,1.0
as,cho,/tʃo/,as,True,False,1.0
ash,rum,/rum/,ash,False,False,1.0
ask,rë,/rə/,ask,False,False,1.0
asleep,o,/o/,asleep,False,False,1.0
assassin,mi'eni,/mi.ˈʔe.ni/,assassin,False,False,1.0
assist,eja,/ˈe.dʒa/,assist,False,False,1.0
astronomy,mamochari,/ma.mo.ˈtʃa.ri/,astronomy,False,False,1.0
asylum,mënun,/ˈmə.nun/,asylum,False,False,1.0
at,nammi,/ˈnam.mi/,at,True,False,1.0
atmosphere,täwo,/ˈtæ.wo/,atmosphere,False,False,1.0
attach,äa,/ˈæ.a/,attach,False,False,1.0
attack,të,/tə/,attack,False,False,1.0
attempt,vamän,/ˈva.mæn/,attempt,False,False,1.0
attend,menche,/ˈmen.tʃe/,attend,False,False,1.0
attention,re,/re/,attention,False,False,1.0
aunt,'e,/ʔe/,aunt,False,False,1.0
author,oavänwimë,/o.a.væn.ˈwi.mə/,author,False,False,1.0
autumn,nuv,/nuv/,autumn,False,False,1.0
available,marnuvi,/mar.ˈnu.vi/,available,False,False,1.0
average,mäma,/ˈmæ.ma/,average,False,False,1.0
avoid,wëmjan,/ˈwəm.dʒan/,avoid,False,False,1.0
awake,ratëre,/ra.ˈtə.re/,awake,False,False,1.0
award,nu,/nu/,award,False,False,1.0
away,manat,/ˈma.nat/,away,False,False,1.0
axe,a,/a/,axe,False,False,1.0
baby,me,/me/,baby,False,False,1.0
back,'ë'aneru,/ʔə.ʔa.ˈne.ru/,back,False,False,1.0
bad,vä,/væ/,bad,False,False,1.0
bag,chi'ë'eve'a,/tʃi.ʔə.ʔe.ˈve.ʔa/,bag,False,False,1.0
balance,venantäa,/ve.nan.ˈtæ.a/,balance,False,False,1.0
balcony,'aniv,/ˈʔa.niv/,balcony,False,False,1.0
ball,wu,/wu/,ball,False,False,1.0
balloon,ne,/ne/,balloon,False,False,1.0
ballot,jiiwun,/dʒi.ˈi.wun/,ballot,False,False,1.0
ban,jar,/dʒar/,ban,False,False,1.0
bank,wa,/wa/,bank,False,False,1.0
bar,charochä,/tʃa.ˈro.tʃæ/,bar,False,False,1.0
barbarian,marvun,/ˈmar.vun/,barbarian,False,False,1.0
bard,mänwu,/ˈmæn.wu/,bard,False,False,1.0
barn,chava,/ˈtʃa.va/,barn,False,False,1.0
barracks,në'armawevjëm,/nə.ʔar.ma.ˈwev.dʒəm/,barracks,False,False,1.0
barrel,nana,/ˈna.na/,barrel,False,False,1.0
barrier,vu,/vu/,barrier,False,False,1.0
base,më,/mə/,base,False,False,1.0
basket,rëru,/ˈrə.ru/,basket,False,False,1.0
bath,wacha,/ˈwa.tʃa/,bath,False,False,1.0
bathroom,ani,/ˈa.ni/,bathroom,False,False,1.0
battle,mëmavuma,/mə.ma.ˈvu.ma/,battle,False,False,1.0
be,not,/not/,be,True,False,1.0
beach,wamimamä,/wa.mi.ˈma.mæ/,beach,False,False,1.0
bean,mënja,/ˈmən.dʒa/,bean,False,False,1.0
bear,emuovi,/e.mu.ˈo.vi/,bear,False,False,1.0
beast,jaro,/ˈdʒa.ro/,beast,False,False,1.0
beat,wä,/wæ/,beat,False,False,1.0
beautiful,chi,/tʃi/,beautiful,False,False,1.0
beauty,momämawë,/mo.mæ.ˈma.wə/,beauty,False,False,1.0
because,nun,/nun/,because,True,False,1.0
become,jani,/ˈdʒa.ni/,become,False,False,1.0
bed,wäwi,/ˈwæ.wi/,bed,False,False,1.0
bedroom,ëva,/ˈə.va/,bedroom,False,False,1.0
beer,ichom,/ˈi.tʃom/,beer,False,False,1.0
before,wë,/wə/,before,True,False,1.0
begin,jatä,/ˈdʒa.tæ/,begin,False,False,1.0
behave,'anatcha,/ʔa.ˈnat.tʃa/,behave,False,False,1.0
behind,jä,/dʒæ/,behind,True,False,1.0
believe,mëveromë,/məv.e.ˈro.mə/,believe,False,False,1.0
bell,rammëna,/ram.ˈmə.na/,bell,False,False,1.0
belong,nijuwi,/ni.ˈdʒu.wi/,belong,False,False,1.0
below,mëva,/ˈmə.va/,below,True,False,1.0
belt,ra,/ra/,belt,False,False,1.0
bend,tamne,/ˈtam.ne/,bend,False,False,1.0
beneath,wo,/wo/,beneath,True,False,1.0
beside,mët,/mət/,beside,True,False,1.0
besides,wëma,/ˈwə.ma/,besides,False,False,1.0
best,vanauu,/va.na.ˈu.u/,best,False,False,1.0
betray,jarnom,/ˈdʒar.nom/,betray,False,False,1.0
better,ewa,/ˈe.wa/,better,False,False,1.0
between,tiwa,/ˈti.wa/,between,True,False,1.0
beyond,rurva,/ˈrur.va/,beyond,True,False,1.0
big,täm,/tæm/,big,False,False,1.0
bill,'u,/ʔu/,bill,False,False,1.0
bird,merma,/ˈmer.ma/,bird,False,False,1.0
birth,muwamor,/mu.ˈwa.mor/,birth,False,False,1.0
birthday,nennä,/ˈnen.næ/,birthday,False,False,1.0
bit,man'a,/ˈman.ʔa/,bit,False,False,1.0
bite,nawov,/ˈna.wov/,bite,False,False,1.0
black,mune,/ˈmu.ne/,black,False,False,1.0
blame,wura,/ˈwu.ra/,blame,False,False,1.0
blanket,namä,/ˈna.mæ/,blanket,False,False,1.0
bleed,motnur,/ˈmot.nur/,bleed,False,False,1.0
blind,tuti,/ˈtu.ti/,blind,False,False,1.0
block,vir,/vir/,block,False,False,1.0
blood,ma'a,/ˈma.ʔa/,blood,False,False,1.0
blow,mäowemmo,/mæ.o.ˈwem.mo/,blow,False,False,1.0
blue,emaa,/e.ˈma.a/,blue,False,False,1.0
board,mänë,/ˈmæ.nə/,board,False,False,1.0
boat,mo'u,/ˈmo.ʔu/,boat,False,False,1.0
body,natä,/ˈna.tæ/,body,False,False,1.0
boil,tamum,/ˈta.mum/,boil,False,False,1.0
bomb,tächeja,/tæ.ˈtʃe.dʒa/,bomb,False,False,1.0
bone,jonrem,/ˈdʒon.rem/,bone,False,False,1.0
book,ruranwa,/ru.ˈran.wa/,book,False,False,1.0
boot,jawä,/ˈdʒa.wæ/,boot,False,False,1.0
border,jumim,/ˈdʒu.mim/,border,False,False,1.0
bore,ichuvi,/i.ˈtʃu.vi/,bore,False,False,1.0
born,a'a,/ˈa.ʔa/,born,False,False,1.0
borrow,jan,/dʒan/,borrow,False,False,1.0
both,chen,/tʃen/,both,True,False,1.0
bother,atum,/ˈa.tum/,bother,False,False,1.0
bottle,witmatnot,/wit.ˈmat.not/,bottle,False,False,1.0
bottom,ämi,/ˈæ.mi/,bottom,False,False,1.0
bowl,wimu,/ˈwi.mu/,bowl,False,False,1.0
box,ramä,/ˈra.mæ/,box,False,False,1.0
boy,minivo,/mi.ˈni.vo/,boy,False,False,1.0
boycott,rurëmä,/ru.ˈrə.mæ/,boycott,False,False,1.0
brain,'imä,/ˈʔi.mæ/,brain,False,False,1.0
branch,wutimu,/wu.ˈti.mu/,branch,False,False,1.0
brave,numur,/ˈnu.mur/,brave,False,False,1.0
bread,nawu,/ˈna.wu/,bread,False,False,1.0
break,miju,/ˈmi.dʒu/,break,False,False,1.0
breakfast,imanutchu,/i.ma.ˈnut.tʃu/,breakfast,False,False,1.0
breast,rire,/ˈri.re/,breast,False,False,1.0
breath,ire,/ˈi.re/,breath,False,False,1.0
breathe,'atavnajä,/ʔa.tav.ˈna.dʒæ/,breathe,False,False,1.0
bridge,nëji,/ˈnə.dʒi/,bridge,False,False,1.0
brief,wawa,/ˈwa.wa/,brief,False,False,1.0
bright,'amo,/ˈʔa.mo/,bright,False,False,1.0
bring,ëwot,/ˈə.wot/,bring,False,False,1.0
brother,majo,/ˈma.dʒo/,brother,False,False,1.0
brown,tama,/ˈta.ma/,brown,False,False,1.0
brush,rine,/ˈri.ne/,brush,False,False,1.0
budget,ti,/ti/,budget,False,False,1.0
build,awi,/ˈa.wi/,build,False,False,1.0
building,mu,/mu/,building,False,False,1.0
bullet,'iche,/ˈʔi.tʃe/,bullet,False,False,1.0
bundle,mowovu,/mo.ˈwo.vu/,bundle,False,False,1.0
burn,namami,/na.ˈma.mi/,burn,False,False,1.0
burst,muvren,/ˈmuv.ren/,burst,False,False,1.0
bury,vujino,/vu.ˈdʒi.no/,bury,False,False,1.0
bus,riva'ë,/ri.ˈva.ʔə/,bus,False,False,1.0
business,moa,/ˈmo.a/,business,False,False,1.0
busy,umo,/ˈu.mo/,busy,False,False,1.0
but,tutcha,/ˈtut.tʃa/,but,True,False,1.0
buy,wimo,/ˈwi.mo/,buy,False,False,1.0
by,jorma,/ˈdʒor.ma/,by,True,False,1.0
cabinet,ruri,/ˈru.ri/,cabinet,False,False,1.0
cage,jëa,/ˈdʒə.a/,cage,False,False,1.0
cake,'imawucha,/ʔi.ma.ˈwu.tʃa/,cake,False,False,1.0
call,tärut,/ˈtæ.rut/,call,False,False,1.0
calm,tachareä,/ta.tʃar.ˈe.æ/,calm,False,False,1.0
camera,rä,/ræ/,camera,False,False,1.0
camp,tetae,/te.ˈta.e/,camp,False,False,1.0
campaign,juwami,/dʒu.ˈwa.mi/,campaign,False,False,1.0
can,virwa,/ˈvir.wa/,can,True,False,1.0
cancel,we,/we/,cancel,False,False,1.0
cancer,'ume,/ˈʔu.me/,cancer,False,False,1.0
candidate,'um,/ʔum/,candidate,False,False,1.0
candle,otira,/o.ˈti.ra/,candle,False,False,1.0
canyon,vumi,/ˈvu.mi/,canyon,False,False,1.0
cap,tomotar,/to.ˈmo.tar/,cap,False,False,1.0
capital,chummi,/ˈtʃum.mi/,capital,False,False,1.0
capture,war,/war/,capture,False,False,1.0
car,werumini,/we.ru.ˈmi.ni/,car,False,False,1.0
caravan,uro,/ˈu.ro/,caravan,False,False,1.0
card,mäo,/ˈmæ.o/,card,False,False,1.0
care,nernioä,/ner.ni.ˈo.æ/,care,False,False,1.0
careful,jiora,/dʒi.ˈo.ra/,careful,False,False,1.0
carefully,num'a,/ˈnum.ʔa/,carefully,False,False,1.0
careless,nuterwi,/nu.ˈter.wi/,careless,False,False,1.0
carry,chamamriche,/tʃa.mam.ˈri.tʃe/,carry,False,False,1.0
cart,memä,/ˈme.mæ/,cart,False,False,1.0
case,choemo,/tʃo.ˈe.mo/,case,False,False,1.0
case (court),mojava,/mo.ˈdʒa.va/,case#court,False,False,1.0
case (medical),chimwo,/ˈtʃim.wo/,case#medical,False,False,1.0
castle,che,/tʃe/,castle,False,False,1.0
cat,ran,/ran/,cat,False,False,1.0
catch,amu,/ˈa.mu/,catch,False,False,1.0
cause,'ëmirät,/ʔə.ˈmi.ræt/,cause,False,False,1.0
cave,nanu,/ˈna.nu/,cave,False,False,1.0
cavern,wemi,/ˈwe.mi/,cavern,False,False,1.0
ceasefire,ruchatchä,/ru.ˈtʃat.tʃæ/,ceasefire,False,False,1.0
ceiling,retmerana,/ret.me.ˈra.na/,ceiling,False,False,1.0
celebrate,irite,/i.ˈri.te/,celebrate,False,False,1.0
cell,wumre,/ˈwum.re/,cell,False,False,1.0
cemetery,mare,/ˈma.re/,cemetery,False,False,1.0
center,nëmë,/ˈnə.mə/,center,False,False,1.0
central,reru,/ˈrer.u/,central,False,False,1.0
century,rëchiju,/rə.ˈtʃi.dʒu/,century,False,False,1.0
ceremony,ji,/dʒi/,ceremony,False,False,1.0
certain,murna,/ˈmur.na/,certain,False,False,1.0
certainly,jenucho,/dʒe.ˈnu.tʃo/,certainly,False,False,1.0
chair,winwe,/ˈwin.we/,chair,False,False,1.0
chairman,nemvam,/ˈnem.vam/,chairman,False,False,1.0
champion,chonëman,/tʃo.ˈnə.man/,champion,False,False,1.0
chance,nat,/nat/,chance,False,False,1.0
change,mu'a,/ˈmu.ʔa/,change,False,False,1.0
chaos,matut,/ˈma.tut/,chaos,False,False,1.0
charge,chena,/ˈtʃe.na/,charge,False,False,1.0
charm,tä,/tæ/,charm,False,False,1.0
chase,jut'owe,/dʒut.ˈʔo.we/,chase,False,False,1.0
chasm,imo,/ˈi.mo/,chasm,False,False,1.0
cheap,'ami,/ˈʔa.mi/,cheap,False,False,1.0
cheat,mär,/mær/,cheat,False,False,1.0
check,chomän,/ˈtʃo.mæn/,check,False,False,1.0
cheek,mëma,/ˈmə.ma/,cheek,False,False,1.0
cheer,mamwë,/ˈmam.wə/,cheer,False,False,1.0
cheese,rijätë,/ri.ˈdʒæ.tə/,cheese,False,False,1.0
chemicals,manwia,/man.ˈwi.a/,chemicals,False,False,1.0
chest,më'unito,/mə.ʔu.ˈni.to/,chest,False,False,1.0
chicken,tëta,/ˈtə.ta/,chicken,False,False,1.0
chief,rämma,/ˈræm.ma/,chief,False,False,1.0
child,mai'a,/ma.ˈi.ʔa/,child,False,False,1.0
children,mamnia,/mam.ˈni.a/,children,False,False,1.0
chimney,jëeche,/dʒə.ˈe.tʃe/,chimney,False,False,1.0
chocolate,cham'oteo,/tʃam.ʔo.ˈte.o/,chocolate,False,False,1.0
choice,chorme,/ˈtʃor.me/,choice,False,False,1.0
choose,mimä,/ˈmim.æ/,choose,False,False,1.0
church,jënwë,/ˈdʒən.wə/,church,False,False,1.0
cigarette,janur,/ˈdʒa.nur/,cigarette,False,False,1.0
circle,riwä,/ˈri.wæ/,circle,False,False,1.0
citizen,tu,/tu/,citizen,False,False,1.0
city,wertani,/wer.ˈta.ni/,city,False,False,1.0
civilian,maratima'e,/ma.ra.ti.ˈma.ʔe/,civilian,False,False,1.0
claim,cheni,/ˈtʃe.ni/,claim,False,False,1.0
clash,ränu,/ˈræ.nu/,clash,False,False,1.0
class,mawanar,/ma.ˈwa.nar/,class,False,False,1.0
clean,nutäro,/nu.ˈtæ.ro/,clean,False,False,1.0
clear,rannurtev,/ran.ˈnur.tev/,clear,False,False,1.0
clearly,meju,/ˈme.dʒu/,clearly,False,False,1.0
clergy,jër,/dʒər/,clergy,False,False,1.0
cleric,rochänivjini,/ro.tʃæ.niv.ˈdʒi.ni/,cleric,False,False,1.0
clever,tuv,/tuv/,clever,False,False,1.0
climate,rami,/ˈra.mi/,climate,False,False,1.0
climb,marora,/ma.ˈro.ra/,climb,False,False,1.0
clock,riu,/ˈri.u/,clock,False,False,1.0
close,nam,/nam/,close,False,False,1.0
cloth,uwar,/ˈu.war/,cloth,False,False,1.0
clothes,mämojemema,/mæ.mo.dʒe.ˈme.ma/,clothes,False,False,1.0
cloud,novë,/ˈno.və/,cloud,False,False,1.0
cloudy,mo'im,/ˈmo.ʔim/,cloudy,False,False,1.0
coal,narjimmi,/nar.ˈdʒim.mi/,coal,False,False,1.0
coalition,jëji,/ˈdʒə.dʒi/,coalition,False,False,1.0
coast,ramuji,/ra.ˈmu.dʒi/,coast,False,False,1.0
coat,rächa,/ˈræ.tʃa/,coat,False,False,1.0
coffee,eecha,/e.ˈe.tʃa/,coffee,False,False,1.0
coffer,wenre,/ˈwen.re/,coffer,False,False,1.0
coin,chijo'in,/tʃi.ˈdʒo.ʔin/,coin,False,False,1.0
cold,näi,/ˈnæ.i/,cold,False,False,1.0
collect,vänmermä,/væn.ˈmer.mæ/,collect,False,False,1.0
college,vetrëv,/ˈvet.rəv/,college,False,False,1.0
colony,nët'ar,/ˈnət.ʔar/,colony,False,False,1.0
color,'ämëvta,/ʔæ.ˈməv.ta/,color,False,False,1.0
comb,'uwa,/ˈʔu.wa/,comb,False,False,1.0
combine,vo,/vo/,combine,False,False,1.0
come,movanar,/mo.ˈva.nar/,come,False,False,1.0
comfortable,nurronë,/nur.ˈro.nə/,comfortable,False,False,1.0
command,vivuram,/vi.ˈvu.ram/,command,False,False,1.0
comment,urëv,/ˈu.rəv/,comment,False,False,1.0
committee,nijutë,/ni.ˈdʒu.tə/,committee,False,False,1.0
common,vum,/vum/,common,False,False,1.0
communicate,jai,/ˈdʒa.i/,communicate,False,False,1.0
community,minoi,/mi.ˈno.i/,community,False,False,1.0
company,mimno,/ˈmim.no/,company,False,False,1.0
compare,ji'o,/ˈdʒi.ʔo/,compare,False,False,1.0
compete,moa'u,/mo.ˈa.ʔu/,compete,False,False,1.0
complete,nono,/ˈno.no/,complete,False,False,1.0
completely,nëm,/nəm/,completely,False,False,1.0
complex,wana,/ˈwa.na/,complex,False,False,1.0
compromise,väme,/ˈvæ.me/,compromise,False,False,1.0
computer,marë,/ˈma.rə/,computer,False,False,1.0
concern,jo,/dʒo/,concern,False,False,1.0
condemn,vetnen,/ˈvet.nen/,condemn,False,False,1.0
condition,jäna,/ˈdʒæ.na/,condition,False,False,1.0
confirm,mijetcha,/mi.ˈdʒet.tʃa/,confirm,False,False,1.0
conflict,vavinchëchuchu,/va.vin.tʃə.ˈtʃu.tʃu/,conflict,False,False,1.0
confuse,tächi'u,/tæ.ˈtʃi.ʔu/,confuse,False,False,1.0
congratulate,rochu,/ˈro.tʃu/,congratulate,False,False,1.0
conjure,'uta,/ˈʔu.ta/,conjure,False,False,1.0
connect,a'e,/ˈa.ʔe/,connect,False,False,1.0
consider,muwiji,/mu.ˈwi.dʒi/,consider,False,False,1.0
contain,juma,/ˈdʒu.ma/,contain,False,False,1.0
container,metti'e,/met.ˈti.ʔe/,container,False,False,1.0
continent,miumëju,/mi.u.ˈmə.dʒu/,continent,False,False,1.0
continue,jarä,/ˈdʒar.æ/,continue,False,False,1.0
control,'im,/ʔim/,control,False,False,1.0
conversation,ju,/dʒu/,conversation,False,False,1.0
cook,rutavo,/ru.ˈta.vo/,cook,False,False,1.0
cool,mawë,/ˈma.wə/,cool,False,False,1.0
cooperate,nëimä,/nə.ˈi.mæ/,cooperate,False,False,1.0
cop,nama,/ˈna.ma/,cop,False,False,1.0
copper,naja,/ˈna.dʒa/,copper,False,False,1.0
copy,ä,/æ/,copy,False,False,1.0
corn,nitune,/ni.ˈtu.ne/,corn,False,False,1.0
corner,mim,/mim/,corner,False,False,1.0
corpse,wëu,/ˈwə.u/,corpse,False,False,1.0
correct,'owut,/ˈʔo.wut/,correct,False,False,1.0
cost,mem,/mem/,cost,False,False,1.0
cottage,atijuna,/a.ti.ˈdʒu.na/,cottage,False,False,1.0
cotton,mu'ura,/mu.ˈʔu.ra/,cotton,False,False,1.0
could,'ir,/ʔir/,could,True,False,1.0
count,ruchär,/ˈru.tʃær/,count,False,False,1.0
counter,'eje,/ˈʔe.dʒe/,counter,False,False,1.0
country,muvar,/ˈmu.var/,country,False,False,1.0
couple,iena'at,/i.e.ˈna.ʔat/,couple,False,False,1.0
course,wichamä,/wi.ˈtʃa.mæ/,course,False,False,1.0
court,wotämu,/wo.ˈtæ.mu/,court,False,False,1.0
cover,rärnë'äm,/rær.ˈnə.ʔæm/,cover,False,False,1.0
cow,jama,/ˈdʒa.ma/,cow,False,False,1.0
crash,rari,/ˈra.ri/,crash,False,False,1.0
crazy,tiji,/ˈti.dʒi/,crazy,False,False,1.0
create,nimajë,/ni.ˈma.dʒə/,create,False,False,1.0
creature,che'ur,/ˈtʃe.ʔur/,creature,False,False,1.0
credit,namacho,/na.ˈma.tʃo/,credit,False,False,1.0
crew,rachomomum,/ra.tʃom.ˈo.mum/,crew,False,False,1.0
crime,mat,/mat/,crime,False,False,1.0
criminal,nimä,/ˈni.mæ/,criminal,False,False,1.0
crisis,maa,/ˈma.a/,crisis,False,False,1.0
criticize,vawuni,/va.ˈwu.ni/,criticize,False,False,1.0
crops,chä'i,/ˈtʃæ.ʔi/,crops,False,False,1.0
cross,jär,/dʒær/,cross,False,False,1.0
crowd,vënwe,/ˈvən.we/,crowd,False,False,1.0
crown,räme,/ˈræ.me/,crown,False,False,1.0
crush,nëchaa,/nə.ˈtʃa.a/,crush,False,False,1.0
cry,chia,/ˈtʃi.a/,cry,False,False,1.0
crystal,tunmachëni,/tun.ma.ˈtʃə.ni/,crystal,False,False,1.0
cultural,watit,/ˈwa.tit/,cultural,False,False,1.0
culture,witë,/ˈwi.tə/,culture,False,False,1.0
cup,vän,/væn/,cup,False,False,1.0
cupboard,noi,/ˈno.i/,cupboard,False,False,1.0
cure,mir'er,/ˈmir.ʔer/,cure,False,False,1.0
current,nem'urnani,/nem.ʔur.ˈna.ni/,current,False,False,1.0
curse,mam,/mam/,curse,False,False,1.0
cut,michëäru'ä,/mi.tʃə.æ.ˈru.ʔæ/,cut,False,False,1.0
dad,mee,/ˈme.e/,dad,False,False,1.0
dagger,nimowi,/ni.ˈmo.wi/,dagger,False,False,1.0
damage,namratä,/nam.ˈra.tæ/,damage,False,False,1.0
dance,matnuvammem,/mat.nu.ˈvam.mem/,dance,False,False,1.0
danger,tem,/tem/,danger,False,False,1.0
dangerous,awäna'ujo,/a.wæ.na.ˈʔu.dʒo/,dangerous,False,False,1.0
dark,wumiri,/wu.ˈmi.ri/,dark,False,False,1.0
darkness,chër'a,/ˈtʃər.ʔa/,darkness,False,False,1.0
dart,chom,/tʃom/,dart,False,False,1.0
date,virtava,/vir.ˈta.va/,date,False,False,1.0
daughter,nucher,/ˈnu.tʃer/,daughter,False,False,1.0
day,jum,/dʒum/,day,False,False,1.0
dead,chacha,/ˈtʃa.tʃa/,dead,False,False,1.0
deaf,ie,/ˈi.e/,deaf,False,False,1.0
deal,minowi,/mi.ˈno.wi/,deal,False,False,1.0
death,rivromä,/riv.ˈro.mæ/,death,False,False,1.0
debate,märä,/ˈmæ.ræ/,debate,False,False,1.0
debt,chi'o,/ˈtʃi.ʔo/,debt,False,False,1.0
decide,äti,/ˈæ.ti/,decide,False,False,1.0
declare,marawarmuwa,/ma.ra.war.ˈmu.wa/,declare,False,False,1.0
decrease,när,/nær/,decrease,False,False,1.0
dedicated,varchev,/ˈvar.tʃev/,dedicated,False,False,1.0
deep,rane,/ˈra.ne/,deep,False,False,1.0
deer,jävin,/ˈdʒæ.vin/,deer,False,False,1.0
defeat,chumar'o,/tʃu.ˈmar.ʔo/,defeat,False,False,1.0
defend,mäamuchai,/mæ.a.mu.ˈtʃa.i/,defend,False,False,1.0
deficit,nin,/nin/,deficit,False,False,1.0
define,matäwo,/ma.ˈtæ.wo/,define,False,False,1.0
degree,nutruju,/nut.ˈru.dʒu/,degree,False,False,1.0
delay,tav,/tav/,delay,False,False,1.0
delegate,tërijatov,/tə.ri.ˈdʒa.tov/,delegate,False,False,1.0
demand,rächar,/ˈræ.tʃar/,demand,False,False,1.0
democratic,machee,/ma.ˈtʃe.e/,democratic,False,False,1.0
demon,vatamuja,/va.ta.ˈmu.dʒa/,demon,False,False,1.0
demonstrate,nënraavewë,/nən.ra.a.ˈve.wə/,demonstrate,False,False,1.0
denounce,java,/ˈdʒa.va/,denounce,False,False,1.0
deny,'ojim,/ˈʔo.dʒim/,deny,False,False,1.0
depend,warën,/ˈwa.rən/,depend,False,False,1.0
deplore,wom,/wom/,deplore,False,False,1.0
deploy,chë,/tʃə/,deploy,False,False,1.0
depression,'i'emnëm,/ʔi.ˈʔem.nəm/,depression,False,False,1.0
describe,na'e,/ˈna.ʔe/,describe,False,False,1.0
desert,'ën,/ʔən/,desert,False,False,1.0
design,wamawi,/wa.ˈma.wi/,design,False,False,1.0
desire,'uno,/ˈʔu.no/,desire,False,False,1.0
desk,ro,/ro/,desk,False,False,1.0
despite,run,/run/,despite,False,False,1.0
destroy,räurumari,/ræ.u.ru.ˈma.ri/,destroy,False,False,1.0
detail,mavnum,/ˈmav.num/,detail,False,False,1.0
develop,jomnamimjav,/dʒom.na.ˈmim.dʒav/,develop,False,False,1.0
device,nä,/næ/,device,False,False,1.0
diamond,rorna,/ˈror.na/,diamond,False,False,1.0
dice,wetam,/ˈwe.tam/,dice,False,False,1.0
dictator,vëtna,/ˈvət.na/,dictator,False,False,1.0
die,rëm,/rəm/,die,False,False,1.0
diet,chëriwä,/tʃə.ˈri.wæ/,diet,False,False,1.0
different,inontë,/i.ˈnon.tə/,different,False,False,1.0
difficult,ëji,/ˈə.dʒi/,difficult,False,False,1.0
dig,mumon,/ˈmu.mon/,dig,False,False,1.0
dinner,awammin,/a.ˈwam.min/,dinner,False,False,1.0
diplomat,vuno,/ˈvu.no/,diplomat,False,False,1.0
direct,ruva,/ˈru.va/,direct,False,False,1.0
direction,tëchumu,/tə.ˈtʃu.mu/,direction,False,False,1.0
dirt,rev,/rev/,dirt,False,False,1.0
dirty,mamure,/ma.ˈmu.re/,dirty,False,False,1.0
disappear,mau,/ˈma.u/,disappear,False,False,1.0
disarm,maru,/ˈmar.u/,disarm,False,False,1.0
discover,chitu,/ˈtʃi.tu/,discover,False,False,1.0
discuss,wajä,/ˈwa.dʒæ/,discuss,False,False,1.0
disease,jiwi,/ˈdʒi.wi/,disease,False,False,1.0
dish,'o,/ʔo/,dish,False,False,1.0
dismiss,'iwi,/ˈʔi.wi/,dismiss,False,False,1.0
dispute,nive,/ˈni.ve/,dispute,False,False,1.0
dissident,mäjunoti,/mæ.dʒu.ˈno.ti/,dissident,False,False,1.0
distance,rimo,/ˈri.mo/,distance,False,False,1.0
dive,wim,/wim/,dive,False,False,1.0
divide,mirwa,/ˈmir.wa/,divide,False,False,1.0
do,man,/man/,do,True,False,1.0
doctor,to,/to/,doctor,False,False,1.0
document,chat,/tʃat/,document,False,False,1.0
dog,jajo,/ˈdʒa.dʒo/,dog,False,False,1.0
door,wimtuni,/wim.ˈtu.ni/,door,False,False,1.0
doorway,rut,/rut/,doorway,False,False,1.0
double,wemrar,/ˈwem.rar/,double,False,False,1.0
down,utam,/ˈu.tam/,down,True,False,1.0
dozen,'in,/ʔin/,dozen,False,False,1.0
drag,ranät,/ˈra.næt/,drag,False,False,1.0
dragon,wantan,/ˈwan.tan/,dragon,False,False,1.0
draw,vachi,/ˈva.tʃi/,draw,False,False,1.0
dream,mento,/ˈmen.to/,dream,False,False,1.0
dress,me'ammam,/me.ˈʔam.mam/,dress,False,False,1.0
drink,mimuteë,/mi.mu.ˈte.ə/,drink,False,False,1.0
drive,ta'eë,/ta.ˈʔe.ə/,drive,False,False,1.0
drop,rer,/rer/,drop,False,False,1.0
drown,'inon,/ˈʔi.non/,drown,False,False,1.0
drug,neni,/ˈne.ni/,drug,False,False,1.0
dry,timi,/ˈti.mi/,dry,False,False,1.0
duck,anënu,/a.ˈnə.nu/,duck,False,False,1.0
duke,turani,/tu.ˈra.ni/,duke,False,False,1.0
dungeon,au,/ˈa.u/,dungeon,False,False,1.0
during,mëja,/ˈmə.dʒa/,during,True,False,1.0
dust,namwev,/ˈnam.wev/,dust,False,False,1.0
duty,vija,/ˈvi.dʒa/,duty,False,False,1.0
dwarf,chona,/ˈtʃo.na/,dwarf,False,False,1.0
each,tov,/tov/,each,True,False,1.0
ear,numchi,/ˈnum.tʃi/,ear,False,False,1.0
early,navamma,/na.ˈvam.ma/,early,False,False,1.0
earn,wennëmrënem'a,/wen.nəm.rə.ˈnem.ʔa/,earn,False,False,1.0
earth,mää,/ˈmæ.æ/,earth,False,False,1.0
earthquake,'amatta,/ʔa.ˈmat.ta/,earthquake,False,False,1.0
ease,'ama,/ˈʔa.ma/,ease,False,False,1.0
easily,vutone,/vu.ˈto.ne/,easily,False,False,1.0
east,tano'ë,/ta.ˈno.ʔə/,east,False,False,1.0
easy,mitami,/mi.ˈta.mi/,easy,False,False,1.0
eat,wommame,/wom.ˈma.me/,eat,False,False,1.0
echo,nunjäwu,/nun.ˈdʒæ.wu/,echo,False,False,1.0
ecology,nächuu,/næ.ˈtʃu.u/,ecology,False,False,1.0
economic,nerunae,/ne.ru.ˈna.e/,economic,False,False,1.0
economy,mennon,/ˈmen.non/,economy,False,False,1.0
edge,nemu,/ˈne.mu/,edge,False,False,1.0
education,nacha,/ˈna.tʃa/,education,False,False,1.0
effect,'emi,/ˈʔe.mi/,effect,False,False,1.0
effort,rät'ot,/ˈræt.ʔot/,effort,False,False,1.0
egg,watonva,/wa.ˈton.va/,egg,False,False,1.0
eight,marächi,/ma.ˈræ.tʃi/,eight,False,False,1.0
either,rumä,/ˈru.mæ/,either,False,False,1.0
elect,wanva,/ˈwan.va/,elect,False,False,1.0
electricity,channerata,/tʃan.ne.ˈra.ta/,electricity,False,False,1.0
element,jam,/dʒam/,element,False,False,1.0
elephant,wawumuvne,/wa.wu.ˈmuv.ne/,elephant,False,False,1.0
elf,mano,/ˈma.no/,elf,False,False,1.0
else,onë,/ˈo.nə/,else,False,False,1.0
embassy,mani,/ˈma.ni/,embassy,False,False,1.0
emerald,timänji,/ti.ˈmæn.dʒi/,emerald,False,False,1.0
emergency,unumu,/u.ˈnu.mu/,emergency,False,False,1.0
emotion,wimut,/ˈwi.mut/,emotion,False,False,1.0
empire,rajin,/ˈra.dʒin/,empire,False,False,1.0
employ,chëm,/tʃəm/,employ,False,False,1.0
empty,vocha,/ˈvo.tʃa/,empty,False,False,1.0
end,nëchijar,/nə.ˈtʃi.dʒar/,end,False,False,1.0
enemy,varu,/ˈva.ru/,enemy,False,False,1.0
energy,tai,/ˈta.i/,energy,False,False,1.0
enforce,namno,/ˈnam.no/,enforce,False,False,1.0
engine,nenmäm,/ˈnen.mæm/,engine,False,False,1.0
engineer,vamrurir'a,/vam.ru.ˈrir.ʔa/,engineer,False,False,1.0
enjoy,rënä,/ˈrə.næ/,enjoy,False,False,1.0
enough,veë,/ˈve.ə/,enough,False,False,1.0
enter,natamat,/na.ˈta.mat/,enter,False,False,1.0
entire,minä,/ˈmi.næ/,entire,False,False,1.0
entrance,'etni,/ˈʔet.ni/,entrance,False,False,1.0
environment,mamëjuvonni,/ma.mə.dʒu.ˈvon.ni/,environment,False,False,1.0
environmental,vunchurmam,/vun.ˈtʃur.mam/,environmental,False,False,1.0
equal,mewe,/ˈme.we/,equal,False,False,1.0
equipment,mumarra,/mu.ˈmar.ra/,equipment,False,False,1.0
escape,rim,/rim/,escape,False,False,1.0
especially,varmëm,/ˈvar.məm/,especially,False,False,1.0
establish,tachit,/ˈta.tʃit/,establish,False,False,1.0
estimate,nem,/nem/,estimate,False,False,1.0
evaporate,moi,/ˈmo.i/,evaporate,False,False,1.0
even,mowa,/ˈmo.wa/,even,False,False,1.0
evening,jëm,/dʒəm/,evening,False,False,1.0
event,chemo,/ˈtʃe.mo/,event,False,False,1.0
ever,rarurma,/ra.ˈrur.ma/,ever,True,False,1.0
every,'ä,/ʔæ/,every,True,False,1.0
everybody,rinë,/ˈri.nə/,everybody,False,False,1.0
everyone,ratjitë,/rat.ˈdʒi.tə/,everyone,False,False,1.0
everything,chajim,/ˈtʃa.dʒim/,everything,False,False,1.0
everywhere,mëmimojini,/mə.mim.o.ˈdʒi.ni/,everywhere,False,False,1.0
evidence,tit,/tit/,evidence,False,False,1.0
evil,tim,/tim/,evil,False,False,1.0
exact,mimchir,/ˈmim.tʃir/,exact,False,False,1.0
exactly,mome,/ˈmo.me/,exactly,False,False,1.0
examination,wem'u,/ˈwem.ʔu/,examination,False,False,1.0
examine,rarut,/ˈra.rut/,examine,False,False,1.0
example,jintomru,/dʒin.ˈtom.ru/,example,False,False,1.0
excellent,nenuna,/ne.ˈnu.na/,excellent,False,False,1.0
except,rëma,/ˈrə.ma/,except,True,False,1.0
exchange,ijëcho,/i.ˈdʒə.tʃo/,exchange,False,False,1.0
excite,vomom,/ˈvo.mom/,excite,False,False,1.0
excited,wëmum,/ˈwə.mum/,excited,False,False,1.0
excuse,mov,/mov/,excuse,False,False,1.0
execute,vuravatachu,/vur.a.va.ˈta.tʃu/,execute,False,False,1.0
exercise,mamna,/ˈmam.na/,exercise,False,False,1.0
exile,wawomë,/wa.ˈwo.mə/,exile,False,False,1.0
exist,tänchëmone,/tæn.tʃə.ˈmon.e/,exist,False,False,1.0
expand,mëwë,/ˈmə.wə/,expand,False,False,1.0
expect,miwë,/ˈmi.wə/,expect,False,False,1.0
expel,ami,/ˈa.mi/,expel,False,False,1.0
expensive,chimir,/ˈtʃi.mir/,expensive,False,False,1.0
experience,tichir,/ˈti.tʃir/,experience,False,False,1.0
explain,anomewëtjëm,/a.no.me.ˈwət.dʒəm/,explain,False,False,1.0
explanation,ranit,/ˈra.nit/,explanation,False,False,1.0
expression,chimiv,/ˈtʃi.miv/,expression,False,False,1.0
extra,jim,/dʒim/,extra,False,False,1.0
extremely,äamëna,/æ.a.ˈmə.na/,extremely,False,False,1.0
eye,miv,/miv/,eye,False,False,1.0
face,jowu,/ˈdʒo.wu/,face,False,False,1.0
fact,teta,/ˈte.ta/,fact,False,False,1.0
fade,nanremimra,/nan.re.ˈmim.ra/,fade,False,False,1.0
fail,jora,/ˈdʒo.ra/,fail,False,False,1.0
failure,vume,/ˈvu.me/,failure,False,False,1.0
fall,mavi,/ˈma.vi/,fall,False,False,1.0
false,tita,/ˈtit.a/,false,False,False,1.0
familiar,ënamwa,/ə.ˈnam.wa/,familiar,False,False,1.0
family,chorämtanimchä,/tʃo.ræm.ta.ˈnim.tʃæ/,family,False,False,1.0
famous,nëmoäto,/nə.mo.ˈæ.to/,famous,False,False,1.0
far,wächam,/ˈwæ.tʃam/,far,False,False,1.0
farm,ëtän,/ˈə.tæn/,farm,False,False,1.0
fast,wute,/ˈwu.te/,fast,False,False,1.0
fat,nan,/nan/,fat,False,False,1.0
father,nav,/nav/,father,False,False,1.0
fault,chami,/ˈtʃa.mi/,fault,False,False,1.0
fear,ue,/ˈu.e/,fear,False,False,1.0
feather,tevuma,/te.ˈvu.ma/,feather,False,False,1.0
federal,juwë,/ˈdʒu.wə/,federal,False,False,1.0
feed,metra,/ˈmet.ra/,feed,False,False,1.0
feel,rechunne,/re.ˈtʃun.ne/,feel,False,False,1.0
female,'umäman,/ʔu.ˈmæ.man/,female,False,False,1.0
fence,novmuwä,/nov.ˈmu.wæ/,fence,False,False,1.0
fever,amachar,/a.ˈma.tʃar/,fever,False,False,1.0
few,wija,/ˈwi.dʒa/,few,True,False,1.0
field,rara,/ˈra.ra/,field,False,False,1.0
fight,turi,/ˈtu.ri/,fight,False,False,1.0
figure,jajane,/dʒa.ˈdʒa.ne/,figure,False,False,1.0
fill,nowa,/ˈno.wa/,fill,False,False,1.0
film,tatu,/ˈtat.u/,film,False,False,1.0
final,ja'am,/ˈdʒa.ʔam/,final,False,False,1.0
finally,amim,/ˈa.mim/,finally,False,False,1.0
financial,wowo,/ˈwo.wo/,financial,False,False,1.0
find,mawinëra,/ma.wi.ˈnə.ra/,find,False,False,1.0
fine,rur'u,/ˈrur.ʔu/,fine,False,False,1.0
finger,mäwu,/ˈmæ.wu/,finger,False,False,1.0
finish,ëchar,/ˈə.tʃar/,finish,False,False,1.0
fire,jem,/dʒem/,fire,False,False,1.0
fireworks,nuvanumu,/nu.van.ˈu.mu/,fireworks,False,False,1.0
firm,mumwa,/ˈmum.wa/,firm,False,False,1.0
first,ruro,/ˈru.ro/,first,False,False,1.0
fish,ame,/ˈa.me/,fish,False,False,1.0
fit,matamëa,/ma.ta.ˈmə.a/,fit,False,False,1.0
five,rita,/ˈri.ta/,five,False,False,1.0
fix,tentinä,/ten.ˈti.næ/,fix,False,False,1.0
flag,remir,/ˈre.mir/,flag,False,False,1.0
flash,emä,/ˈe.mæ/,flash,False,False,1.0
flat,ra'u,/ˈra.ʔu/,flat,False,False,1.0
flee,tomchijore,/tom.tʃi.ˈdʒo.re/,flee,False,False,1.0
flight,'i'an,/ˈʔi.ʔan/,flight,False,False,1.0
float,manechä,/ma.ˈne.tʃæ/,float,False,False,1.0
flood,jënvaaotut,/dʒən.va.a.ˈo.tut/,flood,False,False,1.0
floor,miriwi,/mi.ˈri.wi/,floor,False,False,1.0
flour,ramënatna,/ra.mə.ˈnat.na/,flour,False,False,1.0
flow,wamu,/ˈwa.mu/,flow,False,False,1.0
flower,chëtu,/ˈtʃə.tu/,flower,False,False,1.0
fluid,'ëmo,/ˈʔə.mo/,fluid,False,False,1.0
flute,tema,/ˈte.ma/,flute,False,False,1.0
fly,chëtonva,/tʃə.ˈton.va/,fly,False,False,1.0
fog,rimë,/ˈri.mə/,fog,False,False,1.0
fold,ewi,/ˈe.wi/,fold,False,False,1.0
follow,janë,/ˈdʒa.nə/,follow,False,False,1.0
food,vämunu,/væ.ˈmu.nu/,food,False,False,1.0
fool,jiro,/ˈdʒi.ro/,fool,False,False,1.0
foot,wëmä,/ˈwə.mæ/,foot,False,False,1.0
football,wira,/ˈwi.ra/,football,False,False,1.0
for,nër,/nər/,for,True,False,1.0
force,rën,/rən/,force,False,False,1.0
forehead,rerna,/ˈrer.na/,forehead,False,False,1.0
foreign,tacha,/ˈta.tʃa/,foreign,False,False,1.0
forest,merewi,/me.ˈre.wi/,forest,False,False,1.0
forever,a'ujutron,/a.ʔu.ˈdʒut.ron/,forever,False,False,1.0
forge,nutëvuë,/nu.tə.ˈvu.ə/,forge,False,False,1.0
forget,ramiri,/ra.ˈmi.ri/,forget,False,False,1.0
forgive,ome,/ˈo.me/,forgive,False,False,1.0
fork,wanvati,/wan.ˈva.ti/,fork,False,False,1.0
form,ramëjat,/ra.ˈmə.dʒat/,form,False,False,1.0
former,timamuma,/ti.ma.ˈmu.ma/,former,False,False,1.0
forward,tamtetä,/tam.ˈte.tæ/,forward,False,False,1.0
fountain,'unri,/ˈʔun.ri/,fountain,False,False,1.0
four,'inchima,/ʔin.ˈtʃi.ma/,four,False,False,1.0
fox,nerot,/ˈne.rot/,fox,False,False,1.0
free,amuma,/a.ˈmu.ma/,free,False,False,1.0
freedom,we'a,/ˈwe.ʔa/,freedom,False,False,1.0
freeze,nera,/ˈne.ra/,freeze,False,False,1.0
fresh,nëjo,/ˈnə.dʒo/,fresh,False,False,1.0
friend,tichunche,/ti.ˈtʃun.tʃe/,friend,False,False,1.0
friendly,maamä,/ma.ˈa.mæ/,friendly,False,False,1.0
frighten,chiche,/ˈtʃi.tʃe/,frighten,False,False,1.0
from,chawa,/ˈtʃa.wa/,from,True,False,1.0
front,nowivu,/no.ˈwi.vu/,front,False,False,1.0
fruit,cham'ë,/ˈtʃam.ʔə/,fruit,False,False,1.0
fuel,näwi,/ˈnæ.wi/,fuel,False,False,1.0
full,nutovu,/nu.ˈto.vu/,full,False,False,1.0
fun,mijichiwu,/mi.dʒi.ˈtʃi.wu/,fun,False,False,1.0
funeral,mimmera,/mim.ˈme.ra/,funeral,False,False,1.0
funny,nomna,/ˈnom.na/,funny,False,False,1.0
furniture,rivar,/ˈri.var/,furniture,False,False,1.0
further,omi'uwav,/o.mi.ˈʔu.wav/,further,False,False,1.0
future,wer,/wer/,future,False,False,1.0
gain,ou,/ˈo.u/,gain,False,False,1.0
game,monë,/ˈmo.nə/,game,False,False,1.0
garden,junmi,/ˈdʒun.mi/,garden,False,False,1.0
gas,rirat,/ˈri.rat/,gas,False,False,1.0
gate,tir,/tir/,gate,False,False,1.0
gather,tachim,/ˈta.tʃim/,gather,False,False,1.0
gem,nëna,/ˈnə.na/,gem,False,False,1.0
general,nanwänen,/nan.ˈwæ.nen/,general,False,False,1.0
gentle,majano,/ma.ˈdʒa.no/,gentle,False,False,1.0
gently,ruma,/ˈru.ma/,gently,False,False,1.0
get,ri'a,/ˈri.ʔa/,get,False,False,1.0
ghost,chuju,/ˈtʃu.dʒu/,ghost,False,False,1.0
gift,chivë,/ˈtʃi.və/,gift,False,False,1.0
girl,javetara,/dʒa.ve.ˈta.ra/,girl,False,False,1.0
give,chiwimno,/tʃi.ˈwim.no/,give,False,False,1.0
glad,rachu,/ˈra.tʃu/,glad,False,False,1.0
glance,iji,/ˈi.dʒi/,glance,False,False,1.0
glass,echa,/ˈe.tʃa/,glass,False,False,1.0
glove,witi,/ˈwi.ti/,glove,False,False,1.0
go,iujuma,/i.u.ˈdʒu.ma/,go,False,False,1.0
goal,'anëra,/ʔa.ˈnə.ra/,goal,False,False,1.0
goat,jinare,/dʒi.ˈna.re/,goat,False,False,1.0
goblin,jiv'ivo,/dʒiv.ˈʔi.vo/,goblin,False,False,1.0
god,wa'a,/ˈwa.ʔa/,god,False,False,1.0
gold,omi,/ˈo.mi/,gold,False,False,1.0
good,metmumä,/met.ˈmu.mæ/,good,False,False,1.0
goodbye,tov'eche,/tov.ˈʔe.tʃe/,goodbye,False,False,1.0
goods,tur,/tur/,goods,False,False,1.0
govern,jinäv,/ˈdʒi.næv/,govern,False,False,1.0
government,vatjä,/ˈvat.dʒæ/,government,False,False,1.0
grab,awämu,/a.ˈwæ.mu/,grab,False,False,1.0
grain,nemam,/ˈne.mam/,grain,False,False,1.0
granddaughter,orotur,/o.ˈro.tur/,granddaughter,False,False,1.0
grandfather,rëretti,/rə.ˈret.ti/,grandfather,False,False,1.0
grandmother,'awëwuchi,/ʔa.wə.ˈwu.tʃi/,grandmother,False,False,1.0
grandson,näa,/ˈnæ.a/,grandson,False,False,1.0
grass,wit,/wit/,grass,False,False,1.0
grave,mimchän,/ˈmim.tʃæn/,grave,False,False,1.0
gray,mowimrëre,/mo.wim.ˈrə.re/,gray,False,False,1.0
great,wä'ajë,/wæ.ˈʔa.dʒə/,great,False,False,1.0
green,chinne,/ˈtʃin.ne/,green,False,False,1.0
grey,ronivavmu,/ro.ni.ˈvav.mu/,grey,False,False,1.0
grind,tata,/ˈta.ta/,grind,False,False,1.0
ground,machä,/ˈma.tʃæ/,ground,False,False,1.0
group,'umchän,/ˈʔum.tʃæn/,group,False,False,1.0
grow,richa,/ˈri.tʃa/,grow,False,False,1.0
guarantee,winu'o,/win.ˈu.ʔo/,guarantee,False,False,1.0
guard,chuma,/ˈtʃu.ma/,guard,False,False,1.0
guess,chowä'e,/tʃo.ˈwæ.ʔe/,guess,False,False,1.0
guide,nimja,/ˈnim.dʒa/,guide,False,False,1.0
guilty,moni,/ˈmo.ni/,guilty,False,False,1.0
gun,rem,/rem/,gun,False,False,1.0
guy,mo'a,/ˈmo.ʔa/,guy,False,False,1.0
hair,mun'er,/ˈmun.ʔer/,hair,False,False,1.0
half,raachä,/ra.ˈa.tʃæ/,half,False,False,1.0
hall,jämä,/ˈdʒæ.mæ/,hall,False,False,1.0
hallway,jartonimu,/dʒar.ton.ˈi.mu/,hallway,False,False,1.0
halt,nimvëwur,/nim.ˈvə.wur/,halt,False,False,1.0
hammer,chimätë,/tʃi.ˈmæ.tə/,hammer,False,False,1.0
hand,arunchum,/a.ˈrun.tʃum/,hand,False,False,1.0
handle,nuvrem,/ˈnuv.rem/,handle,False,False,1.0
hang,auwe,/a.ˈu.we/,hang,False,False,1.0
happen,'ëëräwi,/ʔə.ə.ˈræ.wi/,happen,False,False,1.0
happy,anuma,/a.ˈnu.ma/,happy,False,False,1.0
harbor,chimi,/ˈtʃi.mi/,harbor,False,False,1.0
hard,mot'a,/ˈmot.ʔa/,hard,False,False,1.0
hardly,wunmu'ë,/wun.ˈmu.ʔə/,hardly,False,False,1.0
harm,nira,/ˈni.ra/,harm,False,False,1.0
harp,ramo,/ˈra.mo/,harp,False,False,1.0
harvest,jenno,/ˈdʒen.no/,harvest,False,False,1.0
hat,rätche,/ˈræt.tʃe/,hat,False,False,1.0
hate,tanrëm,/ˈtan.rəm/,hate,False,False,1.0
have,mae,/ˈma.e/,have,True,False,1.0
he,wiwi,/ˈwi.wi/,he,True,False,1.0
head,nutëmomäa,/nu.tə.mo.ˈmæ.a/,head,False,False,1.0
heal,chit,/tʃit/,heal,False,False,1.0
health,runmo,/ˈrun.mo/,health,False,False,1.0
healthy,wamä,/ˈwa.mæ/,healthy,False,False,1.0
hear,navet,/ˈna.vet/,hear,False,False,1.0
heart,womimchiru,/wo.mim.ˈtʃi.ru/,heart,False,False,1.0
heat,char,/tʃar/,heat,False,False,1.0
heaven,ejamonvë,/e.dʒa.ˈmon.və/,heaven,False,False,1.0
heavy,tani,/ˈta.ni/,heavy,False,False,1.0
height,wetru,/ˈwet.ru/,height,False,False,1.0
hell,'ete,/ˈʔe.te/,hell,False,False,1.0
hello,wëmi,/ˈwə.mi/,hello,False,False,1.0
helmet,watwin,/ˈwat.win/,helmet,False,False,1.0
help,neta,/ˈne.ta/,help,False,False,1.0
hen,wevnäe,/wev.ˈnæ.e/,hen,False,False,1.0
her,mar,/mar/,her,True,False,1.0
herd,nämojuvvi,/næ.mo.ˈdʒuv.vi/,herd,False,False,1.0
here,wena,/ˈwe.na/,here,True,False,1.0
hero,na'utam,/na.ˈʔu.tam/,hero,False,False,1.0
hers,me'orje,/me.ˈʔor.dʒe/,hers,True,False,1.0
herself,nune,/ˈnun.e/,herself,True,False,1.0
hey,ijo,/ˈi.dʒo/,hey,False,False,1.0
hi,ter,/ter/,hi,False,False,1.0
hide,järë,/ˈdʒæ.rə/,hide,False,False,1.0
high,mumu,/ˈmu.mu/,high,False,False,1.0
hill,anu,/ˈa.nu/,hill,False,False,1.0
him,wen,/wen/,him,True,False,1.0
himself,mi'a,/ˈmi.ʔa/,himself,True,False,1.0
his,juna,/ˈdʒu.na/,his,True,False,1.0
history,'amjëwëv,/ʔam.ˈdʒə.wəv/,history,False,False,1.0
hit,matminu,/mat.ˈmi.nu/,hit,False,False,1.0
hobby,mänruri,/mæn.ˈru.ri/,hobby,False,False,1.0
hold,navie,/na.ˈvi.e/,hold,False,False,1.0
hole,jämat'i,/dʒæ.ˈmat.ʔi/,hole,False,False,1.0
holiday,mirajechëni,/mi.ra.dʒe.ˈtʃə.ni/,holiday,False,False,1.0
holy,mimnämunna,/mim.næ.ˈmun.na/,holy,False,False,1.0
home,etävna,/e.ˈtæv.na/,home,False,False,1.0
honest,'an,/ʔan/,honest,False,False,1.0
honey,mororana,/mo.ro.ˈra.na/,honey,False,False,1.0
honor,ten,/ten/,honor,False,False,1.0
hope,'ierochi,/ʔi.e.ˈro.tʃi/,hope,False,False,1.0
horrible,marenor,/ma.ˈre.nor/,horrible,False,False,1.0
horse,ranrate,/ran.ˈra.te/,horse,False,False,1.0
hospital,chaje,/ˈtʃa.dʒe/,hospital,False,False,1.0
hostage,joje,/ˈdʒo.dʒe/,hostage,False,False,1.0
hostile,nëmwe,/ˈnəm.we/,hostile,False,False,1.0
hot,memneru,/mem.ˈne.ru/,hot,False,False,1.0
hotel,mamje,/ˈmam.dʒe/,hotel,False,False,1.0
hour,ranchio,/ran.ˈtʃi.o/,hour,False,False,1.0
house,ni'e,/ˈni.ʔe/,house,False,False,1.0
how,mimo,/ˈmi.mo/,how,True,False,1.0
however,watëta,/wa.ˈtət.a/,however,False,False,1.0
huge,naa,/ˈna.a/,huge,False,False,1.0
human,tewaja,/te.ˈwa.dʒa/,human,False,False,1.0
humor,chan,/tʃan/,humor,False,False,1.0
hundred,tiëmuwu,/ti.ə.ˈmu.wu/,hundred,False,False,1.0
hunger,chenaje,/tʃe.ˈna.dʒe/,hunger,False,False,1.0
hungry,min,/min/,hungry,False,False,1.0
hunt,re'i,/ˈre.ʔi/,hunt,False,False,1.0
hurry,jinura,/dʒi.ˈnu.ra/,hurry,False,False,1.0
hurt,chuchija,/tʃu.ˈtʃi.dʒa/,hurt,False,False,1.0
husband,wuju,/ˈwu.dʒu/,husband,False,False,1.0
hut,anamchë,/a.ˈnam.tʃə/,hut,False,False,1.0
I,wam,/wam/,i,True,False,1.0
ice,tommë,/ˈtom.mə/,ice,False,False,1.0
idea,rijävai,/ri.dʒæ.ˈva.i/,idea,False,False,1.0
identify,maretätimmä,/ma.re.tæ.ˈtim.mæ/,identify,False,False,1.0
if,monivët,/mo.ˈni.vət/,if,True,False,1.0
ignore,chanarniv,/tʃa.ˈnar.niv/,ignore,False,False,1.0
illegal,imanmimra,/i.man.ˈmim.ra/,illegal,False,False,1.0
illusion,renermum,/re.ˈner.mum/,illusion,False,False,1.0
image,machanwo,/ma.ˈtʃan.wo/,image,False,False,1.0
imagine,wewo,/ˈwe.wo/,imagine,False,False,1.0
immediate,ren,/ren/,immediate,False,False,1.0
immediately,nërrem,/ˈnər.rem/,immediately,False,False,1.0
immigrant,wirra,/ˈwir.ra/,immigrant,False,False,1.0
import,ëme,/ˈə.me/,import,False,False,1.0
important,verane,/ve.ˈra.ne/,important,False,False,1.0
improve,'itni,/ˈʔit.ni/,improve,False,False,1.0
in,rar,/rar/,in,True,False,1.0
incense,jirevta,/dʒi.ˈrev.ta/,incense,False,False,1.0
incident,nëncho,/ˈnən.tʃo/,incident,False,False,1.0
incite,riwetanën,/ri.we.ˈta.nən/,incite,False,False,1.0
include,cheche,/ˈtʃe.tʃe/,include,False,False,1.0
increase,nichiwav,/ni.ˈtʃi.wav/,increase,False,False,1.0
independent,ametë,/a.ˈme.tə/,independent,False,False,1.0
individual,wuchi,/ˈwu.tʃi/,individual,False,False,1.0
infect,ritovchäm,/ri.ˈtov.tʃæm/,infect,False,False,1.0
influence,rame,/ˈra.me/,influence,False,False,1.0
inform,rinochu,/ri.ˈno.tʃu/,inform,False,False,1.0
information,mëworami,/mə.wo.ˈra.mi/,information,False,False,1.0
inject,'iwä,/ˈʔi.wæ/,inject,False,False,1.0
injure,tonra,/ˈton.ra/,injure,False,False,1.0
ink,nichenë,/ni.ˈtʃe.nə/,ink,False,False,1.0
inn,rochijanvu,/ro.tʃi.ˈdʒan.vu/,inn,False,False,1.0
innocent,chamoo,/tʃa.ˈmo.o/,innocent,False,False,1.0
insane,vi'e,/ˈvi.ʔe/,insane,False,False,1.0
insect,irutëv,/i.ˈru.təv/,insect,False,False,1.0
inside,jia,/ˈdʒi.a/,inside,True,False,1.0
inspect,vamjachë,/vam.ˈdʒa.tʃə/,inspect,False,False,1.0
instead,chiman,/ˈtʃi.man/,instead,False,False,1.0
instrument,nënimcha,/nə.ˈnim.tʃa/,instrument,False,False,1.0
insult,namijinä,/na.mi.ˈdʒi.næ/,insult,False,False,1.0
intelligence,tivre,/ˈtiv.re/,intelligence,False,False,1.0
intelligent,nawutchë,/na.ˈwut.tʃə/,intelligent,False,False,1.0
intense,roju,/ˈro.dʒu/,intense,False,False,1.0
interest,nëtje,/ˈnət.dʒe/,interest,False,False,1.0
interfere,jinvima,/dʒin.ˈvi.ma/,interfere,False,False,1.0
international,ju'inmivacha,/dʒu.ʔin.mi.ˈva.tʃa/,international,False,False,1.0
intervene,wum,/wum/,intervene,False,False,1.0
into,nemmin,/ˈnem.min/,into,True,False,1.0
introduce,'ëchä,/ˈʔə.tʃæ/,introduce,False,False,1.0
invade,wojä'ë,/wo.ˈdʒæ.ʔə/,invade,False,False,1.0
invent,vämatchë,/væ.ˈmat.tʃə/,invent,False,False,1.0
invest,näne,/ˈnæ.ne/,invest,False,False,1.0
investigate,renuemämëv,/re.nu.e.ˈmæ.məv/,investigate,False,False,1.0
invite,mao,/ˈma.o/,invite,False,False,1.0
involve,uwenvi,/u.ˈwen.vi/,involve,False,False,1.0
iron,mumë,/ˈmu.mə/,iron,False,False,1.0
is,vumur,/ˈvu.mur/,is,True,False,1.0
island,ranwire,/ran.ˈwi.re/,island,False,False,1.0
issue,veme,/ˈve.me/,issue,False,False,1.0
it,mëne,/ˈmə.ne/,it,True,False,1.0
its,jiirar,/dʒi.ˈi.rar/,its,True,False,1.0
itself,tu'a,/ˈtu.ʔa/,itself,True,False,1.0
ivory,wur,/wur/,ivory,False,False,1.0
jacket,metur,/ˈme.tur/,jacket,False,False,1.0
jail,viru,/ˈvi.ru/,jail,False,False,1.0
jar,ëro,/ˈə.ro/,jar,False,False,1.0
jewel,'äona,/ʔæ.ˈo.na/,jewel,False,False,1.0
job,vanum,/ˈva.num/,job,False,False,1.0
join,'ërti'um,/ʔər.ˈti.ʔum/,join,False,False,1.0
joint,mëwuche,/mə.ˈwu.tʃe/,joint,False,False,1.0
joke,ëto,/ˈə.to/,joke,False,False,1.0
judge,tetat'ä,/te.ˈtat.ʔæ/,judge,False,False,1.0
jug,ranre,/ˈran.re/,jug,False,False,1.0
juice,vänajaru,/væ.na.ˈdʒa.ru/,juice,False,False,1.0
jump,wiv,/wiv/,jump,False,False,1.0
jungle,jorta,/ˈdʒor.ta/,jungle,False,False,1.0
jury,mun,/mun/,jury,False,False,1.0
just,var,/var/,just,True,False,1.0
keep,wirmär,/ˈwir.mær/,keep,False,False,1.0
key,ruwamë,/ru.ˈwa.mə/,key,False,False,1.0
kick,nowë,/ˈno.wə/,kick,False,False,1.0
kid,tame,/ˈta.me/,kid,False,False,1.0
kill,vamire,/va.ˈmi.re/,kill,False,False,1.0
kind,nëe,/ˈnə.e/,kind,False,False,1.0
king,nä'un,/ˈnæ.ʔun/,king,False,False,1.0
kiss,nevar,/ˈne.var/,kiss,False,False,1.0
kitchen,mänram,/ˈmæn.ram/,kitchen,False,False,1.0
knee,temmaä,/tem.ˈma.æ/,knee,False,False,1.0
knife,ochä,/ˈo.tʃæ/,knife,False,False,1.0
knight,mimemë,/mi.ˈme.mə/,knight,False,False,1.0
knock,muräa,/mu.ˈræ.a/,knock,False,False,1.0
know,mimri,/ˈmim.ri/,know,False,False,1.0
knowledge,nu'aa,/nu.ˈʔa.a/,knowledge,False,False,1.0
labor,'a'ateruv,/ʔa.ʔa.ˈte.ruv/,labor,False,False,1.0
laboratory,ratu,/ˈra.tu/,laboratory,False,False,1.0
lack,nëa,/ˈnə.a/,lack,False,False,1.0
ladder,murnavra,/mur.ˈnav.ra/,ladder,False,False,1.0
lady,nichu,/ˈni.tʃu/,lady,False,False,1.0
lair,mon,/mon/,lair,False,False,1.0
lake,mene,/ˈme.ne/,lake,False,False,1.0
lamp,ave,/ˈa.ve/,lamp,False,False,1.0
lance,mavarë,/ma.ˈva.rə/,lance,False,False,1.0
land,chicha,/ˈtʃi.tʃa/,land,False,False,1.0
language,tanmarimri,/tan.ma.ˈrim.ri/,language,False,False,1.0
large,niwä,/ˈni.wæ/,large,False,False,1.0
last,ja'orcharche,/dʒa.ʔor.ˈtʃar.tʃe/,last,False,False,1.0
late,enä,/ˈe.næ/,late,False,False,1.0
lately,jottär,/ˈdʒot.tær/,lately,False,False,1.0
later,nari,/ˈna.ri/,later,False,False,1.0
laugh,'än,/ʔæn/,laugh,False,False,1.0
launch,atu,/ˈa.tu/,launch,False,False,1.0
law,mit,/mit/,law,False,False,1.0
lay,närinchë,/næ.ˈrin.tʃə/,lay,False,False,1.0
lazy,tenari,/te.ˈna.ri/,lazy,False,False,1.0
lead,nanä,/ˈna.næ/,lead,False,False,1.0
leaf,chächäche,/tʃæ.ˈtʃæ.tʃe/,leaf,False,False,1.0
leak,wajo,/ˈwa.dʒo/,leak,False,False,1.0
lean,mëo,/ˈmə.o/,lean,False,False,1.0
learn,tena,/ˈte.na/,learn,False,False,1.0
leather,jun,/dʒun/,leather,False,False,1.0
leave,ta'ima,/ta.ˈʔi.ma/,leave,False,False,1.0
left,'ëvunmana,/ʔə.vun.ˈma.na/,left,False,False,1.0
leg,tamëjor,/ta.ˈmə.dʒor/,leg,False,False,1.0
legal,wäri,/ˈwæ.ri/,legal,False,False,1.0
legislature,naruna,/na.ˈru.na/,legislature,False,False,1.0
lend,rivatav,/ri.ˈva.tav/,lend,False,False,1.0
length,wënni,/ˈwən.ni/,length,False,False,1.0
less,änum,/ˈæ.num/,less,False,False,1.0
lesson,chuwanjim,/tʃu.ˈwan.dʒim/,lesson,False,False,1.0
let,'em,/ʔem/,let,False,False,1.0
letter,amä,/ˈa.mæ/,letter,False,False,1.0
level,tomnännoetu,/tom.næn.no.ˈe.tu/,level,False,False,1.0
liberal,chawir,/ˈtʃa.wir/,liberal,False,False,1.0
library,rom,/rom/,library,False,False,1.0
lie,tioma,/ti.ˈo.ma/,lie,False,False,1.0
life,tomen,/ˈto.men/,life,False,False,1.0
lift,numa,/ˈnu.ma/,lift,False,False,1.0
light,ja'i,/ˈdʒa.ʔi/,light,False,False,1.0
lightning,mämar,/ˈmæ.mar/,lightning,False,False,1.0
like,wëm,/wəm/,like,True,False,1.0
likely,metewumur,/me.te.ˈwu.mur/,likely,False,False,1.0
limit,'am,/ʔam/,limit,False,False,1.0
line,meë,/ˈme.ə/,line,False,False,1.0
link,wëna,/ˈwə.na/,link,False,False,1.0
lion,a'itu,/a.ˈʔi.tu/,lion,False,False,1.0
lip,wamwoujav,/wam.wo.ˈu.dʒav/,lip,False,False,1.0
liquid,miti,/ˈmi.ti/,liquid,False,False,1.0
list,mëmi,/ˈməm.i/,list,False,False,1.0
listen,'uchejenta,/ʔu.tʃe.ˈdʒen.ta/,listen,False,False,1.0
literature,mërtë,/ˈmər.tə/,literature,False,False,1.0
little,wawi,/ˈwa.wi/,little,False,False,1.0
live,nuchimwär,/nu.ˈtʃim.wær/,live,False,False,1.0
lizard,ramare,/ra.ˈmar.e/,lizard,False,False,1.0
load,non,/non/,load,False,False,1.0
loan,ramcha,/ˈram.tʃa/,loan,False,False,1.0
local,mumwita,/mum.ˈwi.ta/,local,False,False,1.0
lock,'ornuchä,/ʔor.ˈnu.tʃæ/,lock,False,False,1.0
lonely,meje,/ˈme.dʒe/,lonely,False,False,1.0
long,novamni,/no.ˈvam.ni/,long,False,False,1.0
look,chëratturamu,/tʃə.rat.tu.ˈra.mu/,look,False,False,1.0
lord,numirni,/nu.ˈmir.ni/,lord,False,False,1.0
lose,mäwa,/ˈmæ.wa/,lose,False,False,1.0
lot,michuta,/mi.ˈtʃu.ta/,lot,False,False,1.0
loud,wä'äniri,/wæ.ʔæ.ˈni.ri/,loud,False,False,1.0
love,nawo,/ˈna.wo/,love,False,False,1.0
low,jarmotrëm,/dʒar.ˈmot.rəm/,low,False,False,1.0
lower,'ocha,/ˈʔo.tʃa/,lower,False,False,1.0
loyal,noju,/ˈno.dʒu/,loyal,False,False,1.0
luck,tämatë,/tæm.ˈa.tə/,luck,False,False,1.0
lucky,tiwët,/ˈti.wət/,lucky,False,False,1.0
lunch,nin'änitan,/nin.ʔæ.ˈni.tan/,lunch,False,False,1.0
mace,muju,/ˈmu.dʒu/,mace,False,False,1.0
machine,jata,/ˈdʒa.ta/,machine,False,False,1.0
magic,'uiwam,/ʔu.ˈi.wam/,magic,False,False,1.0
mail,raëchu,/ra.ˈə.tʃu/,mail,False,False,1.0
main,mii,/ˈmi.i/,main,False,False,1.0
major,nachov,/ˈna.tʃov/,major,False,False,1.0
majority,jiva,/ˈdʒi.va/,majority,False,False,1.0
make,rermi,/ˈrer.mi/,make,False,False,1.0
male,temi'a,/te.ˈmi.ʔa/,male,False,False,1.0
man,chichënan,/tʃi.ˈtʃə.nan/,man,False,False,1.0
manage,tavjer,/ˈtav.dʒer/,manage,False,False,1.0
manor,chomä,/ˈtʃo.mæ/,manor,False,False,1.0
many,ena,/ˈe.na/,many,True,False,1.0
map,vuna,/ˈvu.na/,map,False,False,1.0
marble,rërra,/ˈrər.ra/,marble,False,False,1.0
march,ëwem,/ˈə.wem/,march,False,False,1.0
mark,mira,/ˈmi.ra/,mark,False,False,1.0
market,jachu,/ˈdʒa.tʃu/,market,False,False,1.0
marriage,wacho,/ˈwa.tʃo/,marriage,False,False,1.0
marrow,jaimo,/dʒa.ˈi.mo/,marrow,False,False,1.0
marry,nawajatvu,/na.wa.ˈdʒat.vu/,marry,False,False,1.0
marsh,miomer,/mi.ˈo.mer/,marsh,False,False,1.0
mass,mumo,/ˈmu.mo/,mass,False,False,1.0
mate,mämumrir,/mæ.ˈmum.rir/,mate,False,False,1.0
material,were,/ˈwe.re/,material,False,False,1.0
mathematics,name,/ˈna.me/,mathematics,False,False,1.0
matter,wemo,/ˈwe.mo/,matter,False,False,1.0
may,'er,/ʔer/,may,True,False,1.0
maybe,näwëvra,/næ.ˈwəv.ra/,maybe,False,False,1.0
mayor,mëwewana,/mə.we.ˈwa.na/,mayor,False,False,1.0
maze,rou,/ˈro.u/,maze,False,False,1.0
me,ai,/ˈa.i/,me,True,False,1.0
meal,aja,/ˈa.dʒa/,meal,False,False,1.0
mean,wame,/ˈwa.me/,mean,False,False,1.0
measure,chuna,/ˈtʃu.na/,measure,False,False,1.0
meat,vëratë,/vər.ˈa.tə/,meat,False,False,1.0
medical,'at,/ʔat/,medical,False,False,1.0
medicine,menu,/ˈme.nu/,medicine,False,False,1.0
meet,mëmmi,/ˈməm.mi/,meet,False,False,1.0
melt,wu'i,/ˈwu.ʔi/,melt,False,False,1.0
member,imëmjina,/i.məm.ˈdʒi.na/,member,False,False,1.0
memorial,rua,/ˈru.a/,memorial,False,False,1.0
memory,'uvnaviv,/ʔuv.ˈna.viv/,memory,False,False,1.0
mental,jimi,/ˈdʒi.mi/,mental,False,False,1.0
mention,nutwä,/ˈnut.wæ/,mention,False,False,1.0
mercy,tevvu,/ˈtev.vu/,mercy,False,False,1.0
message,'it,/ʔit/,message,False,False,1.0
metal,marachiti,/ma.ra.ˈtʃi.ti/,metal,False,False,1.0
method,nemit,/ˈne.mit/,method,False,False,1.0
microscope,jurawimjen,/dʒu.ra.ˈwim.dʒen/,microscope,False,False,1.0
middle,mochë,/ˈmo.tʃə/,middle,False,False,1.0
might,'ato,/ˈʔa.to/,might,True,False,1.0
militant,chama,/ˈtʃa.ma/,militant,False,False,1.0
military,weravin,/we.ˈra.vin/,military,False,False,1.0
milk,maë,/ˈma.ə/,milk,False,False,1.0
mill,'ëchaemä,/ʔə.tʃa.ˈe.mæ/,mill,False,False,1.0
million,nëivi,/nə.ˈi.vi/,million,False,False,1.0
mind,rurjito,/rur.ˈdʒit.o/,mind,False,False,1.0
mine,meu,/ˈme.u/,mine,True,False,1.0
mineral,womo,/ˈwo.mo/,mineral,False,False,1.0
mining,rarë,/ˈra.rə/,mining,False,False,1.0
minister,tuntë,/ˈtun.tə/,minister,False,False,1.0
minor,mëwarnä,/mə.ˈwar.næ/,minor,False,False,1.0
minority,nanächowem,/na.næ.ˈtʃo.wem/,minority,False,False,1.0
minute,rewimi,/re.ˈwi.mi/,minute,False,False,1.0
mirror,minämo,/mi.ˈnæ.mo/,mirror,False,False,1.0
miss,rijä,/ˈri.dʒæ/,miss,False,False,1.0
missile,rammär,/ˈram.mær/,missile,False,False,1.0
missing,'ote,/ˈʔo.te/,missing,False,False,1.0
mistake,tawamotma,/ta.wa.ˈmot.ma/,mistake,False,False,1.0
mix,wano,/ˈwa.no/,mix,False,False,1.0
moat,chum,/tʃum/,moat,False,False,1.0
mob,mu'ë,/ˈmu.ʔə/,mob,False,False,1.0
model,tämoe,/tæ.ˈmo.e/,model,False,False,1.0
moderate,maro,/ˈma.ro/,moderate,False,False,1.0
mold,tunë,/ˈtu.nə/,mold,False,False,1.0
moment,chim,/tʃim/,moment,False,False,1.0
monastery,'ira,/ˈʔi.ra/,monastery,False,False,1.0
money,wanavri,/wa.ˈnav.ri/,money,False,False,1.0
monk,äna,/ˈæ.na/,monk,False,False,1.0
monkey,chorav,/ˈtʃo.rav/,monkey,False,False,1.0
monster,ruwu,/ˈru.wu/,monster,False,False,1.0
month,wun,/wun/,month,False,False,1.0
moon,jimnë'en,/dʒim.ˈnə.ʔen/,moon,False,False,1.0
moral,chonaa,/tʃo.ˈna.a/,moral,False,False,1.0
more,rur,/rur/,more,True,False,1.0
morning,moja,/ˈmo.dʒa/,morning,False,False,1.0
mosaic,mitoma,/mi.ˈto.ma/,mosaic,False,False,1.0
most,chä,/tʃæ/,most,True,False,1.0
mostly,jitu,/ˈdʒi.tu/,mostly,False,False,1.0
mother,ata,/ˈa.ta/,mother,False,False,1.0
motion,chëno,/ˈtʃən.o/,motion,False,False,1.0
mountain,mamvi,/ˈmam.vi/,mountain,False,False,1.0
mourn,rannertitwavo,/ran.ner.tit.ˈwa.vo/,mourn,False,False,1.0
mouse,rirmä,/ˈrir.mæ/,mouse,False,False,1.0
mouth,chënchë,/ˈtʃən.tʃə/,mouth,False,False,1.0
move,netachawu,/ne.ta.ˈtʃa.wu/,move,False,False,1.0
movement,rocha,/ˈro.tʃa/,movement,False,False,1.0
movie,chanir,/ˈtʃa.nir/,movie,False,False,1.0
much,jita,/ˈdʒi.ta/,much,False,False,1.0
mummy,jana,/ˈdʒa.na/,mummy,False,False,1.0
murder,rao,/ˈra.o/,murder,False,False,1.0
music,tarna,/ˈtar.na/,music,False,False,1.0
must,'ië,/ˈʔi.ə/,must,True,False,1.0
my,tenen,/ˈte.nen/,my,True,False,1.0
myself,'oma,/ˈʔo.ma/,myself,True,False,1.0
mystery,mav,/mav/,mystery,False,False,1.0
myth,iterär,/i.ˈte.rær/,myth,False,False,1.0
name,chäiaa,/tʃæ.i.ˈa.a/,name,False,False,1.0
narrow,mujo,/ˈmu.dʒo/,narrow,False,False,1.0
nation,nenärat,/ne.ˈnæ.rat/,nation,False,False,1.0
national,tummu,/ˈtum.mu/,national,False,False,1.0
native,chiwiriva,/tʃi.wi.ˈri.va/,native,False,False,1.0
natural,wojiä,/wo.ˈdʒi.æ/,natural,False,False,1.0
nature,näror,/ˈnæ.ror/,nature,False,False,1.0
navy,rurime,/ru.ˈri.me/,navy,False,False,1.0
near,tia,/ˈti.a/,near,True,False,1.0
nearly,momvu,/ˈmom.vu/,nearly,False,False,1.0
neatly,räju,/ˈræ.dʒu/,neatly,False,False,1.0
necessary,chichu,/ˈtʃi.tʃu/,necessary,False,False,1.0
neck,imaminna,/i.ma.ˈmin.na/,neck,False,False,1.0
need,rarwitarna,/rar.wi.ˈtar.na/,need,False,False,1.0
needle,nimmowäm'e,/nim.mo.ˈwæm.ʔe/,needle,False,False,1.0
negotiate,nëche'a,/nə.ˈtʃe.ʔa/,negotiate,False,False,1.0
neighbor,manë,/ˈma.nə/,neighbor,False,False,1.0
neither,jënem,/ˈdʒə.nem/,neither,False,False,1.0
net,ma'ut,/ˈma.ʔut/,net,False,False,1.0
neutral,'utomë,/ʔu.ˈto.mə/,neutral,False,False,1.0
never,ravwu,/ˈrav.wu/,never,True,False,1.0
new,mëtämumawi,/mə.tæ.mu.ˈma.wi/,new,False,False,1.0
news,junmam'ëro,/dʒun.mam.ˈʔə.ro/,news,False,False,1.0
next,ram,/ram/,next,False,False,1.0
nice,junri,/ˈdʒun.ri/,nice,False,False,1.0
night,chuachi,/tʃu.ˈa.tʃi/,night,False,False,1.0
nine,mëna,/ˈmə.na/,nine,False,False,1.0
no,nonë,/ˈno.nə/,no,True,False,1.0
nobility,rëmichu,/rə.ˈmi.tʃu/,nobility,False,False,1.0
noble,runii,/ru.ˈni.i/,noble,False,False,1.0
nobody,memchi,/ˈmem.tʃi/,nobody,False,False,1.0
nod,ram'ä,/ˈram.ʔæ/,nod,False,False,1.0
noise,imu,/ˈi.mu/,noise,False,False,1.0
nominate,nejujawä,/ne.dʒu.ˈdʒa.wæ/,nominate,False,False,1.0
none,mäni,/ˈmæ.ni/,none,False,False,1.0
noon,jet,/dʒet/,noon,False,False,1.0
nor,nom,/nom/,nor,True,False,1.0
normal,mami,/ˈma.mi/,normal,False,False,1.0
north,nuoo,/nu.ˈo.o/,north,False,False,1.0
nose,'erina,/ʔer.ˈi.na/,nose,False,False,1.0
not,vën,/vən/,not,True,False,1.0
note,wänëchu,/wæ.ˈnə.tʃu/,note,False,False,1.0
nothing,machi,/ˈma.tʃi/,nothing,False,False,1.0
notice,timnai,/tim.ˈna.i/,notice,False,False,1.0
now,cha'em,/ˈtʃa.ʔem/,now,True,False,1.0
nowhere,nowijam,/no.ˈwi.dʒam/,nowhere,False,False,1.0
number,mitta,/ˈmit.ta/,number,False,False,1.0
nurse,tujiji,/tu.ˈdʒi.dʒi/,nurse,False,False,1.0
oat,mino,/ˈmi.no/,oat,False,False,1.0
obey,tawo,/ˈta.wo/,obey,False,False,1.0
object,ichir,/ˈi.tʃir/,object,False,False,1.0
observe,renjë,/ˈren.dʒə/,observe,False,False,1.0
ocean,nuvu,/ˈnu.vu/,ocean,False,False,1.0
of,tina,/ˈti.na/,of,True,False,1.0
off,ërë,/ˈə.rə/,off,True,False,1.0
offer,ëa,/ˈə.a/,offer,False,False,1.0
office,wunäwo,/wu.ˈnæ.wo/,office,False,False,1.0
officer,wotmi,/ˈwot.mi/,officer,False,False,1.0
often,menamä,/me.ˈna.mæ/,often,False,False,1.0
oh,niramvim,/ni.ˈram.vim/,oh,False,False,1.0
oil,runo,/ˈru.no/,oil,False,False,1.0
okay,mini,/ˈmi.ni/,okay,False,False,1.0
old,nëwam'u,/nə.ˈwam.ʔu/,old,False,False,1.0
on,num,/num/,on,True,False,1.0
once,nërir,/ˈnə.rir/,once,False,False,1.0
one,wojëm,/ˈwo.dʒəm/,one,False,False,1.0
only,net,/net/,only,True,False,1.0
onto,chija,/ˈtʃi.dʒa/,onto,True,False,1.0
open,mitmät,/ˈmit.mæt/,open,False,False,1.0
operate,naawi,/na.ˈa.wi/,operate,False,False,1.0
opinion,tarachane,/ta.ra.ˈtʃa.ne/,opinion,False,False,1.0
oppose,javemä,/dʒa.ˈve.mæ/,oppose,False,False,1.0
opposite,wommorni,/wom.ˈmor.ni/,opposite,False,False,1.0
oppress,vinëchu,/vi.ˈnə.tʃu/,oppress,False,False,1.0
or,wor,/wor/,or,True,False,1.0
orange,mowajawan,/mo.wa.ˈdʒa.wan/,orange,False,False,1.0
orbit,chänan,/ˈtʃæ.nan/,orbit,False,False,1.0
orc,wanmu,/ˈwan.mu/,orc,False,False,1.0
order,tonëtmëm,/to.ˈnət.məm/,order,False,False,1.0
ore,chërna,/ˈtʃər.na/,ore,False,False,1.0
organize,wër,/wər/,organize,False,False,1.0
other,chär,/tʃær/,other,True,False,1.0
others,chortani,/tʃor.ˈta.ni/,others,False,False,1.0
our,chevu,/ˈtʃe.vu/,our,True,False,1.0
oust,mirä'u,/mi.ˈræ.ʔu/,oust,False,False,1.0
out,chin,/tʃin/,out,True,False,1.0
outside,'om,/ʔom/,outside,True,False,1.0
over,mata,/ˈma.ta/,over,True,False,1.0
overthrow,ima,/ˈi.ma/,overthrow,False,False,1.0
owe,majäm,/ˈma.dʒæm/,owe,False,False,1.0
own,vat,/vat/,own,True,False,1.0
page,rachaväv,/ra.ˈtʃa.væv/,page,False,False,1.0
pain,tun,/tun/,pain,False,False,1.0
paint,amumë,/a.ˈmu.mə/,paint,False,False,1.0
pair,chävtoman,/tʃæv.ˈto.man/,pair,False,False,1.0
pale,wuttä,/ˈwut.tæ/,pale,False,False,1.0
palm,vumar,/ˈvu.mar/,palm,False,False,1.0
pan,rërchirimira,/rər.tʃi.ri.ˈmi.ra/,pan,False,False,1.0
pants,ree,/ˈre.e/,pants,False,False,1.0
paper,mutchur,/ˈmut.tʃur/,paper,False,False,1.0
parade,wonchuri,/won.ˈtʃu.ri/,parade,False,False,1.0
pardon,enärurne,/e.næ.ˈrur.ne/,pardon,False,False,1.0
parent,michä,/ˈmi.tʃæ/,parent,False,False,1.0
park,chichäjo,/tʃi.ˈtʃæ.dʒo/,park,False,False,1.0
part,jinur,/ˈdʒi.nur/,part,False,False,1.0
partner,nemnäwa,/nem.ˈnæ.wa/,partner,False,False,1.0
party,nammit,/ˈnam.mit/,party,False,False,1.0
pass,vë,/və/,pass,False,False,1.0
passenger,tone,/ˈto.ne/,passenger,False,False,1.0
past,ma'ë,/ˈma.ʔə/,past,True,False,1.0
path,jinet,/ˈdʒi.net/,path,False,False,1.0
patient,mowët,/ˈmo.wət/,patient,False,False,1.0
pause,tawarrom,/ta.ˈwar.rom/,pause,False,False,1.0
pay,jinunnu,/dʒi.ˈnun.nu/,pay,False,False,1.0
peace,titat,/ˈti.tat/,peace,False,False,1.0
pearl,jimar,/ˈdʒi.mar/,pearl,False,False,1.0
pen,norchäm,/ˈnor.tʃæm/,pen,False,False,1.0
pencil,mirwe,/ˈmir.we/,pencil,False,False,1.0
people,'ijumnu,/ʔi.ˈdʒum.nu/,people,False,False,1.0
pepper,räë,/ˈræ.ə/,pepper,False,False,1.0
per,'umuja,/ʔu.ˈmu.dʒa/,per,False,False,1.0
percent,rëmi,/ˈrə.mi/,percent,False,False,1.0
perfect,mivav,/ˈmi.vav/,perfect,False,False,1.0
perform,namo,/ˈna.mo/,perform,False,False,1.0
perhaps,ujimama,/u.dʒi.ˈma.ma/,perhaps,False,False,1.0
period,ine,/ˈi.ne/,period,False,False,1.0
permanent,nëwu,/ˈnə.wu/,permanent,False,False,1.0
permit,väja,/ˈvæ.dʒa/,permit,False,False,1.0
person,mucho,/ˈmu.tʃo/,person,False,False,1.0
personal,achë,/ˈa.tʃə/,personal,False,False,1.0
phone,mivuwa,/mi.ˈvu.wa/,phone,False,False,1.0
photo,ruo,/ˈru.o/,photo,False,False,1.0
physical,mori,/ˈmo.ri/,physical,False,False,1.0
pick,wemetruv,/we.ˈmet.ruv/,pick,False,False,1.0
picture,marmama,/mar.ˈma.ma/,picture,False,False,1.0
piece,wanëv,/ˈwa.nəv/,piece,False,False,1.0
pig,neramna,/ne.ˈram.na/,pig,False,False,1.0
pile,muu,/ˈmu.u/,pile,False,False,1.0
pill,'ur,/ʔur/,pill,False,False,1.0
pillar,nanrito,/nan.ˈri.to/,pillar,False,False,1.0
pilot,timujur,/ti.ˈmu.dʒur/,pilot,False,False,1.0
pin,runvä,/ˈrun.væ/,pin,False,False,1.0
pink,chë'atunre,/tʃə.ʔa.ˈtun.re/,pink,False,False,1.0
pipe,nammima,/nam.ˈmi.ma/,pipe,False,False,1.0
pit,tumëa'o,/tu.mə.ˈa.ʔo/,pit,False,False,1.0
place,wëvchä,/ˈwəv.tʃæ/,place,False,False,1.0
plan,eu,/ˈe.u/,plan,False,False,1.0
plane,chanto,/ˈtʃan.to/,plane,False,False,1.0
planet,namë,/ˈna.mə/,planet,False,False,1.0
plant,rojuv,/ˈro.dʒuv/,plant,False,False,1.0
plastic,u'ama,/u.ˈʔa.ma/,plastic,False,False,1.0
plate,nëti,/ˈnə.ti/,plate,False,False,1.0
play,chuinë,/tʃu.ˈi.nə/,play,False,False,1.0
please,ninovum,/ni.ˈno.vum/,please,False,False,1.0
pleased,eawa,/e.ˈa.wa/,pleased,False,False,1.0
plenty,nän,/næn/,plenty,False,False,1.0
plot,wëru,/ˈwə.ru/,plot,False,False,1.0
pocket,jëramat,/dʒər.ˈa.mat/,pocket,False,False,1.0
poem,mämume,/mæ.ˈmu.me/,poem,False,False,1.0
point,nawir,/ˈna.wir/,point,False,False,1.0
poison,mave,/ˈma.ve/,poison,False,False,1.0
pole,chavi,/ˈtʃa.vi/,pole,False,False,1.0
police,chäna,/ˈtʃæ.na/,police,False,False,1.0
policy,enu,/ˈe.nu/,policy,False,False,1.0
polite,raochu,/ra.ˈo.tʃu/,polite,False,False,1.0
political,vecho,/ˈve.tʃo/,political,False,False,1.0
politics,awe,/ˈa.we/,politics,False,False,1.0
pollute,tuwovaremu,/tu.wo.va.ˈre.mu/,pollute,False,False,1.0
pool,chimni,/ˈtʃim.ni/,pool,False,False,1.0
poor,rumi,/ˈru.mi/,poor,False,False,1.0
pop,nar'in,/ˈnar.ʔin/,pop,False,False,1.0
popular,chomu,/ˈtʃo.mu/,popular,False,False,1.0
population,iri,/ˈi.ri/,population,False,False,1.0
porch,chëtwi,/ˈtʃət.wi/,porch,False,False,1.0
port,'uni,/ˈʔu.ni/,port,False,False,1.0
position,wevuchana,/we.vu.ˈtʃa.na/,position,False,False,1.0
possess,icha,/ˈi.tʃa/,possess,False,False,1.0
possible,ru'oma,/ru.ˈʔo.ma/,possible,False,False,1.0
postpone,wajamä,/wa.ˈdʒa.mæ/,postpone,False,False,1.0
potato,tanumovi,/ta.nu.ˈmo.vi/,potato,False,False,1.0
pour,rimim,/ˈri.mim/,pour,False,False,1.0
poverty,miche,/ˈmi.tʃe/,poverty,False,False,1.0
power,ini,/ˈi.ni/,power,False,False,1.0
praise,mawe,/ˈma.we/,praise,False,False,1.0
pray,nori,/ˈno.ri/,pray,False,False,1.0
pregnant,tiri,/ˈti.ri/,pregnant,False,False,1.0
prepare,rirni,/ˈrir.ni/,prepare,False,False,1.0
present,anëm,/ˈa.nəm/,present,False,False,1.0
president,nimëu,/ni.ˈmə.u/,president,False,False,1.0
press,ma'i,/ˈma.ʔi/,press,False,False,1.0
pressure,charni,/ˈtʃar.ni/,pressure,False,False,1.0
pretend,jantaräwä,/dʒan.ta.ˈræ.wæ/,pretend,False,False,1.0
pretty,jetuchea,/dʒe.tu.ˈtʃe.a/,pretty,False,False,1.0
prevent,jëwi,/ˈdʒə.wi/,prevent,False,False,1.0
price,ta'ivamwä,/ta.ʔi.ˈvam.wæ/,price,False,False,1.0
prince,tuu,/ˈtu.u/,prince,False,False,1.0
prison,muë,/ˈmu.ə/,prison,False,False,1.0
private,vamot,/ˈva.mot/,private,False,False,1.0
prize,javumir,/dʒa.ˈvu.mir/,prize,False,False,1.0
probably,munun,/ˈmu.nun/,probably,False,False,1.0
problem,miwe,/ˈmi.we/,problem,False,False,1.0
process,rot,/rot/,process,False,False,1.0
produce,chemai,/tʃe.ˈma.i/,produce,False,False,1.0
profession,tëchaeje,/tə.tʃa.ˈe.dʒe/,profession,False,False,1.0
profit,neti,/ˈnet.i/,profit,False,False,1.0
program,muna,/ˈmu.na/,program,False,False,1.0
progress,janni,/ˈdʒan.ni/,progress,False,False,1.0
project,mamä,/ˈma.mæ/,project,False,False,1.0
promise,vomewëm,/vo.ˈme.wəm/,promise,False,False,1.0
proper,rive,/ˈri.ve/,proper,False,False,1.0
property,nim,/nim/,property,False,False,1.0
propose,të'a,/ˈtə.ʔa/,propose,False,False,1.0
protect,wat,/wat/,protect,False,False,1.0
protest,richi,/ˈri.tʃi/,protest,False,False,1.0
prove,ti'at,/ˈti.ʔat/,prove,False,False,1.0
provide,iwemchan,/i.ˈwem.tʃan/,provide,False,False,1.0
public,toramecham,/to.ra.ˈme.tʃam/,public,False,False,1.0
pull,'ëchoru,/ʔə.ˈtʃo.ru/,pull,False,False,1.0
pump,nue,/ˈnu.e/,pump,False,False,1.0
punish,men,/men/,punish,False,False,1.0
pupil,waa,/ˈwa.a/,pupil,False,False,1.0
purchase,ninam,/ˈni.nam/,purchase,False,False,1.0
pure,mäweti,/mæ.ˈwe.ti/,pure,False,False,1.0
purpose,tëmcho,/ˈtəm.tʃo/,purpose,False,False,1.0
push,mumnujonnar,/mum.nu.ˈdʒon.nar/,push,False,False,1.0
put,anuna,/a.ˈnu.na/,put,False,False,1.0
puzzle,'ajo,/ˈʔa.dʒo/,puzzle,False,False,1.0
quality,tiniwa'i,/ti.ni.ˈwa.ʔi/,quality,False,False,1.0
queen,mijomuv,/mi.ˈdʒo.muv/,queen,False,False,1.0
quest,run'ana,/run.ˈʔa.na/,quest,False,False,1.0
question,wëraëma,/wə.ra.ˈə.ma/,question,False,False,1.0
quick,nëwejë,/nə.ˈwe.dʒə/,quick,False,False,1.0
quickly,jomwur,/ˈdʒom.wur/,quickly,False,False,1.0
quiet,moviwotä,/mo.vi.ˈwo.tæ/,quiet,False,False,1.0
quietly,chëni,/ˈtʃə.ni/,quietly,False,False,1.0
quite,jatea'enta,/dʒa.te.a.ˈʔen.ta/,quite,False,False,1.0
race,chäju,/ˈtʃæ.dʒu/,race,False,False,1.0
radio,chowanä,/tʃo.ˈwa.næ/,radio,False,False,1.0
raid,ranere,/ra.ˈne.re/,raid,False,False,1.0
rain,mataraja,/ma.ta.ˈra.dʒa/,rain,False,False,1.0
rainy,ëwaran,/ə.ˈwa.ran/,rainy,False,False,1.0
raise,marcha,/ˈmar.tʃa/,raise,False,False,1.0
rare,mëmeni,/mə.ˈme.ni/,rare,False,False,1.0
rate,chenev,/ˈtʃe.nev/,rate,False,False,1.0
rather,mireta,/mi.ˈre.ta/,rather,False,False,1.0
reach,raviwawi,/ra.vi.ˈwa.wi/,reach,False,False,1.0
react,turron'e,/tur.ˈron.ʔe/,react,False,False,1.0
read,'unchutoo,/ʔun.tʃu.ˈto.o/,read,False,False,1.0
ready,juchea,/dʒu.ˈtʃe.a/,ready,False,False,1.0
real,niwu,/ˈni.wu/,real,False,False,1.0
realistic,nennem,/ˈnen.nem/,realistic,False,False,1.0
realize,tëmcha'ë,/təm.ˈtʃa.ʔə/,realize,False,False,1.0
really,wan,/wan/,really,False,False,1.0
realm,nëto,/ˈnə.to/,realm,False,False,1.0
reason,rerar,/ˈre.rar/,reason,False,False,1.0
reasonable,jutum,/ˈdʒu.tum/,reasonable,False,False,1.0
rebel,jëmnä,/ˈdʒəm.næ/,rebel,False,False,1.0
receive,nie,/ˈni.e/,receive,False,False,1.0
recent,mäu,/ˈmæ.u/,recent,False,False,1.0
recession,ewinumu,/e.wi.ˈnu.mu/,recession,False,False,1.0
recognize,vami,/ˈva.mi/,recognize,False,False,1.0
record,taväja,/ta.ˈvæ.dʒa/,record,False,False,1.0
recover,vaje,/ˈva.dʒe/,recover,False,False,1.0
red,nurnën,/ˈnur.nən/,red,False,False,1.0
reef,juiwä,/dʒu.ˈi.wæ/,reef,False,False,1.0
reel,äwimawum,/æ.wi.ˈma.wum/,reel,False,False,1.0
refuse,rochuru,/ro.ˈtʃu.ru/,refuse,False,False,1.0
religious,mi'e,/ˈmi.ʔe/,religious,False,False,1.0
remain,rowi,/ˈro.wi/,remain,False,False,1.0
remember,vawua,/va.ˈwu.a/,remember,False,False,1.0
remind,jumva,/ˈdʒum.va/,remind,False,False,1.0
remove,atëri,/a.ˈtə.ri/,remove,False,False,1.0
rent,wa'i,/ˈwa.ʔi/,rent,False,False,1.0
repair,chumnite,/tʃum.ˈni.te/,repair,False,False,1.0
repeat,nëmäm,/ˈnə.mæm/,repeat,False,False,1.0
reply,na'oriru,/na.ʔo.ˈri.ru/,reply,False,False,1.0
report,aminitäo,/a.mi.ni.ˈtæ.o/,report,False,False,1.0
research,memaru,/me.ˈma.ru/,research,False,False,1.0
rest,winnanum,/win.ˈna.num/,rest,False,False,1.0
restrain,rinna,/ˈrin.na/,restrain,False,False,1.0
restrict,terjumvi,/ter.ˈdʒum.vi/,restrict,False,False,1.0
result,ovonwën,/o.ˈvon.wən/,result,False,False,1.0
resurrection,amuni,/a.ˈmu.ni/,resurrection,False,False,1.0
retire,në'av,/ˈnə.ʔav/,retire,False,False,1.0
retreat,natiwä,/nat.ˈi.wæ/,retreat,False,False,1.0
return,vemircha,/ve.ˈmir.tʃa/,return,False,False,1.0
reveal,womcha,/ˈwom.tʃa/,reveal,False,False,1.0
revolt,muni,/ˈmu.ni/,revolt,False,False,1.0
rice,aväme,/a.ˈvæm.e/,rice,False,False,1.0
rich,wara,/ˈwa.ra/,rich,False,False,1.0
riddle,remëtri,/re.ˈmət.ri/,riddle,False,False,1.0
ride,momji,/ˈmom.dʒi/,ride,False,False,1.0
right,tëmemma,/tə.ˈmem.ma/,right,False,False,1.0
ring,jäv,/dʒæv/,ring,False,False,1.0
riot,nutno,/ˈnut.no/,riot,False,False,1.0
rise,'av,/ʔav/,rise,False,False,1.0
risk,navet'o,/na.ˈvet.ʔo/,risk,False,False,1.0
river,rin,/rin/,river,False,False,1.0
road,taru,/ˈta.ru/,road,False,False,1.0
rob,'uva,/ˈʔu.va/,rob,False,False,1.0
rock,ri'inira,/ri.ʔi.ˈni.ra/,rock,False,False,1.0
rogue,rënämä,/rə.ˈnæ.mæ/,rogue,False,False,1.0
roll,nänivo,/næ.ˈni.vo/,roll,False,False,1.0
roof,chinma,/ˈtʃin.ma/,roof,False,False,1.0
room,vavwa,/ˈvav.wa/,room,False,False,1.0
root,ënu,/ˈə.nu/,root,False,False,1.0
rope,tamchun,/ˈtam.tʃun/,rope,False,False,1.0
rough,nami,/ˈna.mi/,rough,False,False,1.0
round,roivut,/ro.ˈi.vut/,round,False,False,1.0
row,chowim,/ˈtʃo.wim/,row,False,False,1.0
royal,machun,/ˈma.tʃun/,royal,False,False,1.0
rub,vonon,/ˈvo.non/,rub,False,False,1.0
rubber,natra,/ˈnat.ra/,rubber,False,False,1.0
rude,runme,/ˈrun.me/,rude,False,False,1.0
rug,nämmo,/ˈnæm.mo/,rug,False,False,1.0
ruin,womrur,/ˈwom.rur/,ruin,False,False,1.0
rule,chirchina,/tʃir.ˈtʃi.na/,rule,False,False,1.0
ruler,omivju,/o.ˈmiv.dʒu/,ruler,False,False,1.0
run,omanu,/o.ˈma.nu/,run,False,False,1.0
rush,re'o,/ˈre.ʔo/,rush,False,False,1.0
sad,rechi,/ˈre.tʃi/,sad,False,False,1.0
safe,rijäwa,/ri.ˈdʒæ.wa/,safe,False,False,1.0
sail,wir,/wir/,sail,False,False,1.0
salt,runa,/ˈru.na/,salt,False,False,1.0
same,mëjo,/ˈmə.dʒo/,same,True,False,1.0
sanctuary,järën,/ˈdʒæ.rən/,sanctuary,False,False,1.0
sand,tëchi,/ˈtə.tʃi/,sand,False,False,1.0
sapphire,miijimät,/mi.i.ˈdʒi.mæt/,sapphire,False,False,1.0
save,jiwava,/dʒi.ˈwa.va/,save,False,False,1.0
say,jinrovi,/dʒin.ˈro.vi/,say,False,False,1.0
scared,nii,/ˈni.i/,scared,False,False,1.0
scene,wätëm,/ˈwæ.təm/,scene,False,False,1.0
school,chanun,/ˈtʃa.nun/,school,False,False,1.0
scissors,memeona,/me.me.ˈo.na/,scissors,False,False,1.0
scream,jachim,/ˈdʒa.tʃim/,scream,False,False,1.0
screen,matët,/ˈma.tət/,screen,False,False,1.0
scroll,ana,/ˈa.na/,scroll,False,False,1.0
sculpture,ta'en,/ˈta.ʔen/,sculpture,False,False,1.0
sea,churmu,/ˈtʃur.mu/,sea,False,False,1.0
search,'uväma,/ʔu.ˈvæ.ma/,search,False,False,1.0
seat,wäramuv,/wæ.ˈra.muv/,seat,False,False,1.0
second,ëäo,/ə.ˈæ.o/,second,False,False,1.0
secret,renmut,/ˈren.mut/,secret,False,False,1.0
security,tëmuchi,/tə.ˈmu.tʃi/,security,False,False,1.0
see,vam,/vam/,see,False,False,1.0
seed,narnin,/ˈnar.nin/,seed,False,False,1.0
seek,rima,/ˈrim.a/,seek,False,False,1.0
seem,juri,/ˈdʒu.ri/,seem,False,False,1.0
seize,mutmome,/mut.ˈmo.me/,seize,False,False,1.0
self,woune,/wo.ˈu.ne/,self,False,False,1.0
sell,'ächo,/ˈʔæ.tʃo/,sell,False,False,1.0
send,oma,/ˈo.ma/,send,False,False,1.0
sense,chäv'uram,/tʃæv.ˈʔu.ram/,sense,False,False,1.0
sentence,munta,/ˈmun.ta/,sentence,False,False,1.0
separate,nonnenatut,/non.ne.ˈna.tut/,separate,False,False,1.0
series,taui,/ta.ˈu.i/,series,False,False,1.0
serious,wini,/ˈwi.ni/,serious,False,False,1.0
seriously,mat'a,/ˈmat.ʔa/,seriously,False,False,1.0
serve,namojumov,/na.mo.ˈdʒu.mov/,serve,False,False,1.0
service,mumajae,/mu.ma.ˈdʒa.e/,service,False,False,1.0
set,ëra'a,/ə.ˈra.ʔa/,set,False,False,1.0
settle,rëv,/rəv/,settle,False,False,1.0
seven,miwunwi,/mi.ˈwun.wi/,seven,False,False,1.0
several,'ëmin,/ˈʔə.min/,several,False,False,1.0
severe,renäm,/ˈre.næm/,severe,False,False,1.0
sewer,rimëvë,/ri.ˈmə.və/,sewer,False,False,1.0
sex,movte,/ˈmov.te/,sex,False,False,1.0
shade,titam,/ˈti.tam/,shade,False,False,1.0
shadow,vama,/ˈva.ma/,shadow,False,False,1.0
shake,jerawäv,/dʒe.ˈra.wæv/,shake,False,False,1.0
shape,ven,/ven/,shape,False,False,1.0
share,riina,/ri.ˈi.na/,share,False,False,1.0
sharp,jira,/ˈdʒi.ra/,sharp,False,False,1.0
she,jara,/ˈdʒa.ra/,she,True,False,1.0
sheep,'ea'u,/ʔe.ˈa.ʔu/,sheep,False,False,1.0
sheet,werumi,/we.ˈru.mi/,sheet,False,False,1.0
shelf,wowë,/ˈwo.wə/,shelf,False,False,1.0
shell,ma'u,/ˈma.ʔu/,shell,False,False,1.0
shelter,tin,/tin/,shelter,False,False,1.0
shield,'a'ii'a,/ʔa.ʔi.ˈi.ʔa/,shield,False,False,1.0
shine,wotchëju,/wot.ˈtʃə.dʒu/,shine,False,False,1.0
ship,iarëman,/i.a.ˈrə.man/,ship,False,False,1.0
shirt,mumna,/ˈmum.na/,shirt,False,False,1.0
shock,vijiva,/vi.ˈdʒi.va/,shock,False,False,1.0
shoe,'ovuchu,/ʔo.ˈvu.tʃu/,shoe,False,False,1.0
shoot,mënwa,/ˈmən.wa/,shoot,False,False,1.0
shop,jetani,/dʒe.ˈta.ni/,shop,False,False,1.0
short,nunmi,/ˈnun.mi/,short,False,False,1.0
should,emu,/ˈe.mu/,should,True,False,1.0
shoulder,maä,/ˈma.æ/,shoulder,False,False,1.0
shout,jomvivwi,/dʒom.ˈviv.wi/,shout,False,False,1.0
shove,vimijuräma,/vi.mi.dʒu.ˈræ.ma/,shove,False,False,1.0
show,tom,/tom/,show,False,False,1.0
shower,wäa,/ˈwæ.a/,shower,False,False,1.0
shrine,chumi,/ˈtʃu.mi/,shrine,False,False,1.0
shrink,vatra,/ˈvat.ra/,shrink,False,False,1.0
shrug,oa,/ˈo.a/,shrug,False,False,1.0
shut,rime,/ˈri.me/,shut,False,False,1.0
sick,manrane,/man.ˈra.ne/,sick,False,False,1.0
sickness,'awache,/ʔa.ˈwa.tʃe/,sickness,False,False,1.0
side,nëmi,/ˈnə.mi/,side,False,False,1.0
sigh,chemu,/ˈtʃem.u/,sigh,False,False,1.0
sight,'atira,/ʔa.ˈti.ra/,sight,False,False,1.0
sign,rena,/ˈre.na/,sign,False,False,1.0
signal,nëwejiiju,/nə.we.dʒi.ˈi.dʒu/,signal,False,False,1.0
significant,maatita,/ma.a.ˈti.ta/,significant,False,False,1.0
silence,chuvmi,/ˈtʃuv.mi/,silence,False,False,1.0
silent,tam,/tam/,silent,False,False,1.0
silly,'iru,/ˈʔi.ru/,silly,False,False,1.0
silver,vuerirjuva,/vu.e.rir.ˈdʒu.va/,silver,False,False,1.0
similar,jaeninu,/dʒa.e.ˈni.nu/,similar,False,False,1.0
simple,ënän,/ˈə.næn/,simple,False,False,1.0
simply,tiv,/tiv/,simply,False,False,1.0
since,menot,/ˈme.not/,since,True,False,1.0
sing,rumenchë,/ru.ˈmen.tʃə/,sing,False,False,1.0
single,michacha,/mi.ˈtʃa.tʃa/,single,False,False,1.0
sink,wuwo,/ˈwu.wo/,sink,False,False,1.0
sir,macha,/ˈma.tʃa/,sir,False,False,1.0
sister,nutjaëchue,/nut.dʒa.ə.ˈtʃu.e/,sister,False,False,1.0
sit,chächamna,/tʃæ.ˈtʃam.na/,sit,False,False,1.0
situation,wetor,/ˈwe.tor/,situation,False,False,1.0
six,ëjev,/ˈə.dʒev/,six,False,False,1.0
size,'amma,/ˈʔam.ma/,size,False,False,1.0
skeleton,tära,/ˈtæ.ra/,skeleton,False,False,1.0
skill,'uvon,/ˈʔu.von/,skill,False,False,1.0
skin,tewunu,/te.ˈwu.nu/,skin,False,False,1.0
skirt,omuwenitä,/o.mu.we.ˈni.tæ/,skirt,False,False,1.0
skull,'iweton,/ʔi.ˈwe.ton/,skull,False,False,1.0
sky,miachë,/mi.ˈa.tʃə/,sky,False,False,1.0
slam,rinta,/ˈrin.ta/,slam,False,False,1.0
slave,mäjava,/mæ.ˈdʒa.va/,slave,False,False,1.0
sleep,'amon,/ˈʔa.mon/,sleep,False,False,1.0
slide,räji,/ˈræ.dʒi/,slide,False,False,1.0
slightly,mäa,/ˈmæ.a/,slightly,False,False,1.0
slime,memrim,/ˈmem.rim/,slime,False,False,1.0
slip,juvi,/ˈdʒu.vi/,slip,False,False,1.0
slow,jä'ova,/dʒæ.ˈʔo.va/,slow,False,False,1.0
slowly,'ut,/ʔut/,slowly,False,False,1.0
small,nanirarma,/na.ni.ˈrar.ma/,small,False,False,1.0
smash,mämä,/ˈmæ.mæ/,smash,False,False,1.0
smell,wemam,/ˈwe.mam/,smell,False,False,1.0
smile,nomë,/ˈno.mə/,smile,False,False,1.0
smoke,mëm,/məm/,smoke,False,False,1.0
smooth,rävu,/ˈræ.vu/,smooth,False,False,1.0
snap,jija,/ˈdʒi.dʒa/,snap,False,False,1.0
snow,raa,/ˈra.a/,snow,False,False,1.0
so,wet,/wet/,so,True,False,1.0
soap,watmëë,/wat.ˈmə.ə/,soap,False,False,1.0
social,räri,/ˈræ.ri/,social,False,False,1.0
sock,wëwemmum,/wə.ˈwem.mum/,sock,False,False,1.0
soft,weme,/ˈwe.me/,soft,False,False,1.0
softly,raaju,/ra.ˈa.dʒu/,softly,False,False,1.0
soil,roche,/ˈro.tʃe/,soil,False,False,1.0
soldier,wivichä,/wi.ˈvi.tʃæ/,soldier,False,False,1.0
solid,vijirem,/vi.ˈdʒi.rem/,solid,False,False,1.0
solve,ram'u'u,/ram.ˈʔu.ʔu/,solve,False,False,1.0
some,tor,/tor/,some,True,False,1.0
somebody,mäji,/ˈmæ.dʒi/,somebody,False,False,1.0
somehow,nimua,/ni.ˈmu.a/,somehow,False,False,1.0
someone,chëmaman,/tʃə.ˈma.man/,someone,False,False,1.0
something,wajima,/wa.ˈdʒi.ma/,something,False,False,1.0
sometimes,romammo,/ro.ˈmam.mo/,sometimes,False,False,1.0
somewhere,wumijo,/wu.ˈmi.dʒo/,somewhere,False,False,1.0
son,neji,/ˈne.dʒi/,son,False,False,1.0
song,machumchäwë,/ma.tʃum.ˈtʃæ.wə/,song,False,False,1.0
soon,rimin,/ˈri.min/,soon,False,False,1.0
sorcerer,ranim,/ˈra.nim/,sorcerer,False,False,1.0
sorry,mawi,/ˈma.wi/,sorry,False,False,1.0
sort,raja,/ˈra.dʒa/,sort,False,False,1.0
soul,wäva,/ˈwæ.va/,soul,False,False,1.0
sound,'ivnunë,/ʔiv.ˈnu.nə/,sound,False,False,1.0
soup,nëmwo,/ˈnəm.wo/,soup,False,False,1.0
south,jäwam,/ˈdʒæ.wam/,south,False,False,1.0
space,mätim,/ˈmæ.tim/,space,False,False,1.0
speak,arami,/a.ˈra.mi/,speak,False,False,1.0
spear,'amë,/ˈʔa.mə/,spear,False,False,1.0
special,jutanitjë,/dʒu.ta.ˈnit.dʒə/,special,False,False,1.0
speech,no'ar,/ˈno.ʔar/,speech,False,False,1.0
speed,netotti,/ne.ˈtot.ti/,speed,False,False,1.0
spell,tanmamri,/tan.ˈmam.ri/,spell,False,False,1.0
spend,verurtawe,/ve.rur.ˈta.we/,spend,False,False,1.0
spice,'armi,/ˈʔar.mi/,spice,False,False,1.0
spider,rune,/ˈru.ne/,spider,False,False,1.0
spill,mamäto,/ma.ˈmæ.to/,spill,False,False,1.0
spin,tärmu,/ˈtær.mu/,spin,False,False,1.0
spirit,ramana,/ram.ˈa.na/,spirit,False,False,1.0
split,wi'e,/ˈwi.ʔe/,split,False,False,1.0
spoon,vatvu,/ˈvat.vu/,spoon,False,False,1.0
sport,tamo,/ˈta.mo/,sport,False,False,1.0
spot,maje,/ˈma.dʒe/,spot,False,False,1.0
spread,nano,/ˈna.no/,spread,False,False,1.0
spring,jiu,/ˈdʒi.u/,spring,False,False,1.0
spy,räm,/ræm/,spy,False,False,1.0
square,ru'i,/ˈru.ʔi/,square,False,False,1.0
stab,mummato,/mum.ˈma.to/,stab,False,False,1.0
stables,tatuv,/ˈta.tuv/,stables,False,False,1.0
staff,rëo,/ˈrə.o/,staff,False,False,1.0
stage,chajiu,/tʃa.ˈdʒi.u/,stage,False,False,1.0
stair,chëmi,/ˈtʃə.mi/,stair,False,False,1.0
stairs,ti'u,/ˈti.ʔu/,stairs,False,False,1.0
stamp,mivmu,/ˈmiv.mu/,stamp,False,False,1.0
stand,waä,/ˈwa.æ/,stand,False,False,1.0
star,mumuv,/ˈmu.muv/,star,False,False,1.0
stare,mimonov,/mi.ˈmo.nov/,stare,False,False,1.0
start,wänja,/ˈwæn.dʒa/,start,False,False,1.0
starve,menra,/ˈmen.ra/,starve,False,False,1.0
state,jäne,/ˈdʒæ.ne/,state,False,False,1.0
station,tomëtja,/to.ˈmət.dʒa/,station,False,False,1.0
statue,timu,/ˈti.mu/,statue,False,False,1.0
stay,ranä,/ˈra.næ/,stay,False,False,1.0
steal,motmu,/ˈmot.mu/,steal,False,False,1.0
steam,wänimma,/wæ.ˈnim.ma/,steam,False,False,1.0
steel,nava,/ˈna.va/,steel,False,False,1.0
step,chitä,/ˈtʃi.tæ/,step,False,False,1.0
stick,minu,/ˈmi.nu/,stick,False,False,1.0
still,chemë,/ˈtʃe.mə/,still,False,False,1.0
sting,nimma,/ˈnim.ma/,sting,False,False,1.0
stomach,chänrut,/ˈtʃæn.rut/,stomach,False,False,1.0
stone,uchi,/ˈu.tʃi/,stone,False,False,1.0
stop,tamchemäm,/tam.ˈtʃe.mæm/,stop,False,False,1.0
store,ma'owä,/ma.ˈʔo.wæ/,store,False,False,1.0
storm,jonä,/ˈdʒo.næ/,storm,False,False,1.0
story,ovo,/ˈo.vo/,story,False,False,1.0
stove,jatmi,/ˈdʒat.mi/,stove,False,False,1.0
straight,rav,/rav/,straight,False,False,1.0
strange,niti,/ˈni.ti/,strange,False,False,1.0
street,woränuv,/wo.ˈræ.nuv/,street,False,False,1.0
stretch,nervu,/ˈner.vu/,stretch,False,False,1.0
strike,'ujor,/ˈʔu.dʒor/,strike,False,False,1.0
strong,jut,/dʒut/,strong,False,False,1.0
structure,'av'uwe,/ʔav.ˈʔu.we/,structure,False,False,1.0
struggle,jumo,/ˈdʒu.mo/,struggle,False,False,1.0
student,wäm,/wæm/,student,False,False,1.0
study,ae,/ˈa.e/,study,False,False,1.0
stuff,munra,/ˈmun.ra/,stuff,False,False,1.0
stupid,cherinän,/tʃe.ˈri.næn/,stupid,False,False,1.0
subject,won,/won/,subject,False,False,1.0
substance,wanë,/ˈwa.nə/,substance,False,False,1.0
substitute,ene,/ˈe.ne/,substitute,False,False,1.0
succeed,narcha,/ˈnar.tʃa/,succeed,False,False,1.0
success,chemato'ë,/tʃe.ma.ˈto.ʔə/,success,False,False,1.0
successful,'umma,/ˈʔum.ma/,successful,False,False,1.0
such,jinomim,/dʒi.ˈno.mim/,such,True,False,1.0
sudden,jachavamu'u,/dʒa.tʃa.vam.ˈu.ʔu/,sudden,False,False,1.0
suddenly,wuvata,/wuv.ˈa.ta/,suddenly,False,False,1.0
suffer,mataja,/ma.ˈta.dʒa/,suffer,False,False,1.0
sugar,närun,/ˈnæ.run/,sugar,False,False,1.0
suggest,'oni,/ˈʔo.ni/,suggest,False,False,1.0
suit,wanumav,/wa.ˈnu.mav/,suit,False,False,1.0
suitable,jirin,/ˈdʒi.rin/,suitable,False,False,1.0
summer,numta,/ˈnum.ta/,summer,False,False,1.0
summon,jët,/dʒət/,summon,False,False,1.0
sun,ma'im,/ˈma.ʔim/,sun,False,False,1.0
sunny,'uve,/ˈʔu.ve/,sunny,False,False,1.0
supervise,nëta,/ˈnə.ta/,supervise,False,False,1.0
supply,retë,/ˈre.tə/,supply,False,False,1.0
support,tejächea,/te.dʒæ.ˈtʃe.a/,support,False,False,1.0
suppose,wivit,/ˈwi.vit/,suppose,False,False,1.0
suppress,rëmir,/ˈrə.mir/,suppress,False,False,1.0
sure,jemuv,/ˈdʒe.muv/,sure,False,False,1.0
surface,tira,/ˈtir.a/,surface,False,False,1.0
surprise,vutat,/ˈvu.tat/,surprise,False,False,1.0
surrender,'uvnërtam,/ʔuv.ˈnər.tam/,surrender,False,False,1.0
surround,mimchiu,/mim.ˈtʃi.u/,surround,False,False,1.0
survive,witerut,/wi.ˈte.rut/,survive,False,False,1.0
suspect,numrumajën,/num.ru.ˈma.dʒən/,suspect,False,False,1.0
suspend,rämutrër,/ræ.ˈmut.rər/,suspend,False,False,1.0
swallow,nora,/ˈno.ra/,swallow,False,False,1.0
swamp,rajache,/ra.ˈdʒa.tʃe/,swamp,False,False,1.0
swear,meva,/ˈme.va/,swear,False,False,1.0
sweet,met,/met/,sweet,False,False,1.0
swim,renuni,/re.ˈnu.ni/,swim,False,False,1.0
swing,jonniv,/ˈdʒon.niv/,swing,False,False,1.0
sword,wirimja'u,/wi.rim.ˈdʒa.ʔu/,sword,False,False,1.0
symbol,mëmutvëttin,/mə.mut.ˈvət.tin/,symbol,False,False,1.0
sympathy,mova,/ˈmo.va/,sympathy,False,False,1.0
system,chinnë,/ˈtʃin.nə/,system,False,False,1.0
table,mema,/ˈme.ma/,table,False,False,1.0
tail,mënra,/ˈmən.ra/,tail,False,False,1.0
take,tarmuni,/tar.ˈmu.ni/,take,False,False,1.0
talk,rave,/ˈra.ve/,talk,False,False,1.0
tall,wireronmënan,/wi.re.ron.ˈmə.nan/,tall,False,False,1.0
tank,vita,/ˈvi.ta/,tank,False,False,1.0
target,miru,/ˈmi.ru/,target,False,False,1.0
taste,weva,/ˈwe.va/,taste,False,False,1.0
tavern,chäm,/tʃæm/,tavern,False,False,1.0
tax,maome,/ma.ˈo.me/,tax,False,False,1.0
tea,mimvim,/ˈmim.vim/,tea,False,False,1.0
teach,wënäm,/ˈwə.næm/,teach,False,False,1.0
teacher,memnan,/ˈmem.nan/,teacher,False,False,1.0
team,tanchim,/ˈtan.tʃim/,team,False,False,1.0
tear,mävtet,/ˈmæv.tet/,tear,False,False,1.0
tears,tetërchut,/te.ˈtər.tʃut/,tears,False,False,1.0
tell,mämur,/ˈmæ.mur/,tell,False,False,1.0
temperature,vuma,/ˈvu.ma/,temperature,False,False,1.0
temple,nerijur,/ne.ˈri.dʒur/,temple,False,False,1.0
temporary,wamëvav,/wa.ˈmə.vav/,temporary,False,False,1.0
ten,wimwat,/ˈwim.wat/,ten,False,False,1.0
tense,chatatimë,/tʃa.ta.ˈti.mə/,tense,False,False,1.0
tent,mëru,/ˈmə.ru/,tent,False,False,1.0
term,womänetmë,/wo.mæ.ˈnet.mə/,term,False,False,1.0
terrible,mäjë,/ˈmæ.dʒə/,terrible,False,False,1.0
territory,ijar,/ˈi.dʒar/,territory,False,False,1.0
terror,'ive,/ˈʔi.ve/,terror,False,False,1.0
test,mävi,/ˈmæ.vi/,test,False,False,1.0
than,ranmu,/ˈran.mu/,than,True,False,1.0
thank,wän,/wæn/,thank,False,False,1.0
that,ratmë,/ˈrat.mə/,that,True,False,1.0
the,tawä,/ˈta.wæ/,the,True,False,1.0
theater,wamwitam,/wam.ˈwi.tam/,theater,False,False,1.0
their,nawejë,/na.ˈwe.dʒə/,their,True,False,1.0
theirs,checha,/ˈtʃe.tʃa/,theirs,True,False,1.0
them,nën,/nən/,them,True,False,1.0
themselves,rän,/ræn/,themselves,True,False,1.0
then,richu,/ˈri.tʃu/,then,True,False,1.0
theory,wimi,/ˈwi.mi/,theory,False,False,1.0
there,'ar,/ʔar/,there,True,False,1.0
therefore,eve,/ˈe.ve/,therefore,False,False,1.0
these,woä,/ˈwo.æ/,these,True,False,1.0
they,tat,/tat/,they,True,False,1.0
thick,utet,/ˈu.tet/,thick,False,False,1.0
thin,mimumem,/mi.ˈmu.mem/,thin,False,False,1.0
thing,vana,/ˈva.na/,thing,False,False,1.0
think,namemä,/na.ˈme.mæ/,think,False,False,1.0
third,tamta,/ˈtam.ta/,third,False,False,1.0
thirst,atë,/ˈa.tə/,thirst,False,False,1.0
thirsty,mumumriwë,/mu.mum.ˈri.wə/,thirsty,False,False,1.0
thirty,unei,/u.ˈne.i/,thirty,False,False,1.0
this,wiwa,/ˈwi.wa/,this,True,False,1.0
those,etan,/ˈe.tan/,those,True,False,1.0
though,'ächi,/ˈʔæ.tʃi/,though,False,False,1.0
threat,mewë,/ˈme.wə/,threat,False,False,1.0
threaten,nimon,/ˈni.mon/,threaten,False,False,1.0
three,mäto,/ˈmæ.to/,three,False,False,1.0
throat,'ëi,/ˈʔə.i/,throat,False,False,1.0
throne,novämtë,/no.ˈvæm.tə/,throne,False,False,1.0
through,nuna,/ˈnu.na/,through,True,False,1.0
throw,numama,/nu.ˈma.ma/,throw,False,False,1.0
thumb,navë,/ˈna.və/,thumb,False,False,1.0
tidy,wato,/ˈwa.to/,tidy,False,False,1.0
tie,oni,/ˈo.ni/,tie,False,False,1.0
time,'achi,/ˈʔa.tʃi/,time,False,False,1.0
tiny,jarnita,/dʒar.ˈni.ta/,tiny,False,False,1.0
tire,wutmi,/ˈwut.mi/,tire,False,False,1.0
tired,woi,/ˈwo.i/,tired,False,False,1.0
title,wiri,/ˈwi.ri/,title,False,False,1.0
to,wamau,/wa.ˈma.u/,to,True,False,1.0
today,chivmi,/ˈtʃiv.mi/,today,False,False,1.0
toe,wou,/ˈwo.u/,toe,False,False,1.0
together,nënimi,/nə.ˈni.mi/,together,False,False,1.0
tomb,chachochumnë,/tʃa.tʃo.ˈtʃum.nə/,tomb,False,False,1.0
tomorrow,minijiworä,/min.i.dʒi.ˈwo.ræ/,tomorrow,False,False,1.0
tone,jeta,/ˈdʒe.ta/,tone,False,False,1.0
tongue,tënaära,/tə.na.ˈæ.ra/,tongue,False,False,1.0
tonight,raru,/ˈrar.u/,tonight,False,False,1.0
too,jijatim,/dʒi.ˈdʒa.tim/,too,True,False,1.0
tool,ichoje,/i.ˈtʃo.dʒe/,tool,False,False,1.0
tooth,momnanijim,/mom.na.ˈni.dʒim/,tooth,False,False,1.0
top,nima,/ˈni.ma/,top,False,False,1.0
torch,wëje,/ˈwə.dʒe/,torch,False,False,1.0
torture,väwi,/ˈvæ.wi/,torture,False,False,1.0
toss,jammi,/ˈdʒam.mi/,toss,False,False,1.0
total,aner,/ˈa.ner/,total,False,False,1.0
touch,wuwonnawi,/wu.won.ˈna.wi/,touch,False,False,1.0
toward,mumnë,/ˈmum.nə/,toward,True,False,1.0
tower,ria,/ˈri.a/,tower,False,False,1.0
town,chene,/ˈtʃe.ne/,town,False,False,1.0
track,namvu,/ˈnam.vu/,track,False,False,1.0
trade,wamawumën,/wa.ma.ˈwu.mən/,trade,False,False,1.0
tradition,nichowe,/ni.ˈtʃo.we/,tradition,False,False,1.0
traditional,retami'u,/re.ta.ˈmi.ʔu/,traditional,False,False,1.0
traffic,nachama,/na.ˈtʃa.ma/,traffic,False,False,1.0
tragic,rorni,/ˈror.ni/,tragic,False,False,1.0
train,'ummicha,/ʔum.ˈmi.tʃa/,train,False,False,1.0
tram,nenriwe,/nen.ˈri.we/,tram,False,False,1.0
transport,inivo,/i.ˈni.vo/,transport,False,False,1.0
transportation,mochä,/ˈmo.tʃæ/,transportation,False,False,1.0
trap,namnuve,/nam.ˈnu.ve/,trap,False,False,1.0
travel,chimurii,/tʃi.mu.ˈri.i/,travel,False,False,1.0
treason,ramchami,/ram.ˈtʃa.mi/,treason,False,False,1.0
treasure,wo'i,/ˈwo.ʔi/,treasure,False,False,1.0
treat,ramru,/ˈram.ru/,treat,False,False,1.0
treatment,chun'amët,/tʃun.ˈʔa.mət/,treatment,False,False,1.0
treaty,vur,/vur/,treaty,False,False,1.0
tree,rarmät,/ˈrar.mæt/,tree,False,False,1.0
trial,memë,/ˈme.mə/,trial,False,False,1.0
tribe,machat,/ˈma.tʃat/,tribe,False,False,1.0
trick,chetannim,/tʃe.ˈtan.nim/,trick,False,False,1.0
trip,ru'ami,/ru.ˈʔa.mi/,trip,False,False,1.0
troops,reniti,/re.ˈni.ti/,troops,False,False,1.0
trouble,wava,/ˈwa.va/,trouble,False,False,1.0
truce,jënajo,/dʒə.ˈna.dʒo/,truce,False,False,1.0
truck,näjënma,/næ.ˈdʒən.ma/,truck,False,False,1.0
true,vänmumën,/væn.ˈmu.mən/,true,False,False,1.0
trust,evi,/ˈe.vi/,trust,False,False,1.0
truth,chutejanä,/tʃut.e.ˈdʒa.næ/,truth,False,False,1.0
try,vunmu,/ˈvun.mu/,try,False,False,1.0
tub,'eva,/ˈʔe.va/,tub,False,False,1.0
tube,nemra,/ˈnem.ra/,tube,False,False,1.0
tunnel,to'e,/ˈto.ʔe/,tunnel,False,False,1.0
turn,tovir,/ˈto.vir/,turn,False,False,1.0
twenty,rinmim,/ˈrin.mim/,twenty,False,False,1.0
twice,oä,/ˈo.æ/,twice,False,False,1.0
two,nerëmtam,/ne.ˈrəm.tam/,two,False,False,1.0
type,väti,/ˈvæ.ti/,type,False,False,1.0
ugly,wimchu,/ˈwim.tʃu/,ugly,False,False,1.0
uncle,jinuricho,/dʒi.nu.ˈri.tʃo/,uncle,False,False,1.0
under,'erä,/ˈʔe.ræ/,under,True,False,1.0
understand,nuëä,/nu.ˈə.æ/,understand,False,False,1.0
unit,chät,/tʃæt/,unit,False,False,1.0
unite,eri,/ˈe.ri/,unite,False,False,1.0
universe,che'uchachi,/tʃe.ʔu.ˈtʃa.tʃi/,universe,False,False,1.0
unless,wera,/ˈwe.ra/,unless,True,False,1.0
until,richë,/ˈri.tʃə/,until,True,False,1.0
up,tumo,/ˈtu.mo/,up,True,False,1.0
upon,jën,/dʒən/,upon,True,False,1.0
urge,'eche,/ˈʔe.tʃe/,urge,False,False,1.0
urgent,manuttoi,/ma.nut.ˈto.i/,urgent,False,False,1.0
us,torma,/ˈtor.ma/,us,True,False,1.0
use,juinemchut,/dʒu.i.ˈnem.tʃut/,use,False,False,1.0
useful,tiu,/ˈti.u/,useful,False,False,1.0
usual,moma,/ˈmo.ma/,usual,False,False,1.0
usually,tiritumrir,/ti.ri.ˈtum.rir/,usually,False,False,1.0
vacuum,chochiwam'a,/tʃo.tʃi.ˈwam.ʔa/,vacuum,False,False,1.0
validation,më'evi,/mə.ˈʔe.vi/,validation,False,False,1.0
valley,rejejë,/re.ˈdʒe.dʒə/,valley,False,False,1.0
value,chëmni,/ˈtʃəm.ni/,value,False,False,1.0
vampire,mamiwum,/ma.ˈmi.wum/,vampire,False,False,1.0
various,iten,/ˈi.ten/,various,False,False,1.0
vegetable,tamrunonut,/tam.ru.ˈno.nut/,vegetable,False,False,1.0
vehicle,wa'u,/ˈwa.ʔu/,vehicle,False,False,1.0
verb,mot,/mot/,verb,False,False,1.0
version,vin,/vin/,version,False,False,1.0
very,mernu,/ˈmer.nu/,very,True,False,1.0
veto,muvmim,/ˈmuv.mim/,veto,False,False,1.0
vicious,'owa,/ˈʔo.wa/,vicious,False,False,1.0
victim,mänä,/ˈmæ.næ/,victim,False,False,1.0
victory,chamemëmu,/tʃa.me.ˈmə.mu/,victory,False,False,1.0
view,matavammät,/ma.ta.ˈvam.mæt/,view,False,False,1.0
village,tomwämun,/tom.ˈwæ.mun/,village,False,False,1.0
violate,win'a,/ˈwin.ʔa/,violate,False,False,1.0
violence,jimwächu,/dʒim.ˈwæ.tʃu/,violence,False,False,1.0
visit,niro,/ˈnir.o/,visit,False,False,1.0
voice,'ëvut,/ˈʔə.vut/,voice,False,False,1.0
volcano,'iachummo,/ʔi.a.ˈtʃum.mo/,volcano,False,False,1.0
vote,ma'avma,/ma.ˈʔav.ma/,vote,False,False,1.0
wages,täo,/ˈtæ.o/,wages,False,False,1.0
wait,vevo,/ˈve.vo/,wait,False,False,1.0
wake,chimramot,/tʃim.ˈra.mot/,wake,False,False,1.0
walk,nirwem,/ˈnir.wem/,walk,False,False,1.0
wall,'ërächë,/ʔə.ˈræ.tʃə/,wall,False,False,1.0
wand,mur,/mur/,wand,False,False,1.0
want,winme,/ˈwin.me/,want,False,False,1.0
war,mimra,/ˈmim.ra/,war,False,False,1.0
warm,rëno,/ˈrə.no/,warm,False,False,1.0
warn,miruv,/ˈmi.ruv/,warn,False,False,1.0
wash,minina,/mi.ˈni.na/,wash,False,False,1.0
waste,märi,/ˈmæ.ri/,waste,False,False,1.0
watch,'imme,/ˈʔim.me/,watch,False,False,1.0
water,jumäji,/dʒu.ˈmæ.dʒi/,water,False,False,1.0
wave,naju,/ˈna.dʒu/,wave,False,False,1.0
wax,nawe,/ˈna.we/,wax,False,False,1.0
way,jumeji,/dʒu.ˈme.dʒi/,way,False,False,1.0
we,mita,/ˈmi.ta/,we,True,False,1.0
weak,emoma,/e.ˈmo.ma/,weak,False,False,1.0
wealth,maninru,/ma.ˈnin.ru/,wealth,False,False,1.0
weapon,'atë,/ˈʔa.tə/,weapon,False,False,1.0
wear,wume,/ˈwu.me/,wear,False,False,1.0
weather,wëmët,/ˈwə.mət/,weather,False,False,1.0
web,jochumanro,/dʒo.tʃu.ˈman.ro/,web,False,False,1.0
wedding,räje,/ˈræ.dʒe/,wedding,False,False,1.0
week,unum,/ˈu.num/,week,False,False,1.0
weigh,vor,/vor/,weigh,False,False,1.0
weight,jamna,/ˈdʒam.na/,weight,False,False,1.0
welcome,e'a,/ˈe.ʔa/,welcome,False,False,1.0
well,unanuvo,/u.na.ˈnu.vo/,well,False,False,1.0
west,uchemë,/u.ˈtʃe.mə/,west,False,False,1.0
wet,nowä,/ˈno.wæ/,wet,False,False,1.0
what,chomrunri,/tʃom.ˈrun.ri/,what,True,False,1.0
whatever,räruna,/ræ.ˈru.na/,whatever,False,False,1.0
wheat,ume,/ˈu.me/,wheat,False,False,1.0
wheel,emaravur,/e.ma.ˈra.vur/,wheel,False,False,1.0
when,womtu,/ˈwom.tu/,when,True,False,1.0
where,'ämti,/ˈʔæm.ti/,where,True,False,1.0
whether,vetten,/ˈvet.ten/,whether,False,False,1.0
which,'unnä,/ˈʔun.næ/,which,True,False,1.0
while,wenem,/ˈwe.nem/,while,True,False,1.0
whisper,atëtu,/a.ˈtə.tu/,whisper,False,False,1.0
white,'ema,/ˈʔe.ma/,white,False,False,1.0
who,vowa,/ˈvo.wa/,who,True,False,1.0
whole,too,/ˈto.o/,whole,False,False,1.0
whom,junu,/ˈdʒu.nu/,whom,True,False,1.0
whose,chiwan,/ˈtʃi.wan/,whose,True,False,1.0
why,jemä,/ˈdʒe.mæ/,why,True,False,1.0
wide,chimvin,/ˈtʃim.vin/,wide,False,False,1.0
wife,minnuwu,/min.ˈnu.wu/,wife,False,False,1.0
wild,natmi,/ˈnat.mi/,wild,False,False,1.0
will,tämana,/tæ.ˈma.na/,will,True,False,1.0
willing,mëmet,/ˈmə.met/,willing,False,False,1.0
win,mimara,/mi.ˈma.ra/,win,False,False,1.0
wind,wämcha,/ˈwæm.tʃa/,wind,False,False,1.0
window,ramuu,/ra.ˈmu.u/,window,False,False,1.0
wine,mitä,/ˈmi.tæ/,wine,False,False,1.0
wing,miwänon,/mi.ˈwæ.non/,wing,False,False,1.0
winter,chunajirvu,/tʃu.na.ˈdʒir.vu/,winter,False,False,1.0
wipe,chaawunta,/tʃa.a.ˈwun.ta/,wipe,False,False,1.0
wire,maji,/ˈma.dʒi/,wire,False,False,1.0
wise,rawä,/ˈra.wæ/,wise,False,False,1.0
wish,reta,/ˈre.ta/,wish,False,False,1.0
with,tiwi,/ˈti.wi/,with,True,False,1.0
withdraw,utanno,/u.ˈtan.no/,withdraw,False,False,1.0
within,muto,/ˈmu.to/,within,True,False,1.0
without,amë,/ˈa.mə/,without,True,False,1.0
wizard,mujawum,/mu.ˈdʒa.wum/,wizard,False,False,1.0
woman,tiru,/ˈti.ru/,woman,False,False,1.0
won,tëwä,/ˈtə.wæ/,won,False,False,1.0
wonder,nanuna,/na.ˈnu.na/,wonder,False,False,1.0
wonderful,'echäju,/ʔe.ˈtʃæ.dʒu/,wonderful,False,False,1.0
wood,are,/ˈa.re/,wood,False,False,1.0
wooden,juawëmne,/dʒu.a.ˈwəm.ne/,wooden,False,False,1.0
word,eta,/ˈe.ta/,word,False,False,1.0
work,'ënte,/ˈʔən.te/,work,False,False,1.0
world,vätëta,/væ.ˈtə.ta/,world,False,False,1.0
worry,tunvir,/ˈtun.vir/,worry,False,False,1.0
worse,manii,/ma.ˈni.i/,worse,False,False,1.0
worst,tar,/tar/,worst,False,False,1.0
worth,venu,/ˈve.nu/,worth,False,False,1.0
would,vanmi,/ˈvan.mi/,would,True,False,1.0
wound,wawumë,/wa.ˈwu.mə/,wound,False,False,1.0
wrap,nete,/ˈne.te/,wrap,False,False,1.0
wreck,wav,/wav/,wreck,False,False,1.0
wreckage,notmomut,/not.ˈmo.mut/,wreckage,False,False,1.0
write,chëmja,/ˈtʃəm.dʒa/,write,False,False,1.0
wrong,mo'um'amä,/mo.ʔum.ˈʔa.mæ/,wrong,False,False,1.0
yard,we'ë'u,/we.ˈʔə.ʔu/,yard,False,False,1.0
yeah,tino'o,/ti.ˈno.ʔo/,yeah,False,False,1.0
year,tio,/ˈti.o/,year,False,False,1.0
yell,chamä,/ˈtʃa.mæ/,yell,False,False,1.0
yellow,aa,/ˈa.a/,yellow,False,False,1.0
yes,ruji,/ˈru.dʒi/,yes,True,False,1.0
yesterday,nuu,/ˈnu.u/,yesterday,False,False,1.0
yet,woti,/ˈwo.ti/,yet,True,False,1.0
you,nentat,/ˈnen.tat/,you,True,False,1.0
young,mënu,/ˈmə.nu/,young,False,False,1.0
your,mo'awi,/mo.ˈʔa.wi/,your,True,False,1.0
yours,cham,/tʃam/,yours,True,False,1.0
yourself,rir,/rir/,yourself,True,False,1.0
zero,'ävun,/ˈʔæ.vun/,zero,False,False,1.0
zombie,ra'im,/ˈra.ʔim/,zombie,False,False,1.0
zoo,wimtë,/ˈwim.tə/,zoo,False,False,1.0
zoom,näru,/ˈnæ.ru/,zoom,False,False,1.0
